Core Data Product-Parameter,BENTHFL-X1SAMPTIME,BENTHFL-X1CONCTRAC,BENTHFL-X2SAMPTIME,BENTHFL-X2CONCTRAC,BENTHFL-Y1SAMPTIME,BENTHFL-Y1CONCTRAC,BENTHFL-Y2SAMPTIME,BENTHFL-Y2CONCTRAC,BENTHFL-Z1SAMPTIME,BENTHFL-Z1CONCTRAC,BENTHFL-Z1CONCCAL,BENTHFL-Z1CONCMAGN,BENTHFL-Z1CONCSODI,BENTHFL-Z1CONCPOTA,BENTHFL-Z1CONCSULF,BENTHFL-Z1CONCCHLO,BENTHFL-Z2SAMPTIME,BENTHFL-Z2CONCTRAC,BENTHFL-Z2CONCCAL,BENTHFL-Z2CONCMAGN,BENTHFL-Z2CONCSODI,BENTHFL-Z2CONCPOTA,BENTHFL-Z2CONCSULF,BENTHFL-Z2CONCCHLO,BENTHFL-Z3SAMPTIME,BENTHFL-Z3CONCTRAC,BENTHFL-Z3CONCCAL,BENTHFL-Z3CONCMAGN,BENTHFL-Z3CONCSODI,BENTHFL-Z3CONCPOTA,BENTHFL-Z3CONCSULF,BENTHFL-Z3CONCCHLO,BENTHFL-Z4SAMPTIME,BENTHFL-Z4CONCTRAC,BENTHFL-Z4CONCCAL,BENTHFL-Z4CONCMAGN,BENTHFL-Z4CONCSODI,BENTHFL-Z4CONCPOTA,BENTHFL-Z4CONCSULF,BENTHFL-Z4CONCCHLO,BENTHFL-Z5SAMPTIME,BENTHFL-Z5CONCTRAC,BENTHFL-Z5CONCCAL,BENTHFL-Z5CONCMAGN,BENTHFL-Z5CONCSODI,BENTHFL-Z5CONCPOTA,BENTHFL-Z5CONCSULF,BENTHFL-Z5CONCCHLO,BENTHFL-XFLOWTIME,BENTHFL-XFLOWRATE,BENTHFL-YFLOWTIME,BENTHFL-YFLOWRATE,BENTHFL-ZFLOWTIME,BENTHFL-ZFLOWRATE
Descriptive Name,FLOBN-M Position X1  Sample Timestamp,FLOBN-M Position X1 Tracer Concentration,FLOBN-M Position X2  Sample Timestamp,FLOBN-M Position X2 Tracer Concentration,FLOBN-M Position Y1 Sample Timestamp,FLOBN-M Position Y1 Tracer Concentration,FLOBN-M Position Y2  Sample Timestamp,FLOBN-M Position Y2 Tracer Concentration,FLOBN-M Position Z1  Sample Timestamp,FLOBN-M Position Z1 Tracer Concentration,FLOBN-M Position Z1 Calcium Concentration,FLOBN-M Position Z1 Magnesium Concentration,FLOBN-M Position Z1 Sodium Concentration,FLOBN-M Position Z1 Potassium Concentration,FLOBN-M Position Z1 Sulfate Concentration,FLOBN-M Position Z1 Chloride Concentration,FLOBN-M Position Z2 Sample Timestamp,FLOBN-M Position Z2 Tracer Concentration,FLOBN-M Position Z2 Calcium Concentration,FLOBN-M Position Z2 Magnesium Concentration,FLOBN-M Position Z2 Sodium Concentration,FLOBN-M Position Z2 Potassium Concentration,FLOBN-M Position Z2 Sulfate Concentration,FLOBN-M Position Z2 Chloride Concentration,FLOBN-M Position Z3 Sample Timestamp,FLOBN-M Position Z3 Tracer Concentration,FLOBN-M Position Z3 Calcium Concentration,FLOBN-M Position Z3 Magnesium Concentration,FLOBN-M Position Z3 Sodium Concentration,FLOBN-M Position Z3 Potassium Concentration,FLOBN-M Position Z3 Sulfate Concentration,FLOBN-M Position Z3 Chloride Concentration,FLOBN-M Position Z4 Sample Timestamp,FLOBN-M Position Z4 Tracer Concentration,FLOBN-M Position Z4 Calcium Concentration,FLOBN-M Position Z4 Magnesium Concentration,FLOBN-M Position Z4 Sodium Concentration,FLOBN-M Position Z4 Potassium Concentration,FLOBN-M Position Z4 Sulfate Concentration,FLOBN-M Position Z4 Chloride Concentration,FLOBN-M Position Z5 Sample Timestamp,FLOBN-M Position Z5 Tracer Concentration,FLOBN-M Position Z5 Calcium Concentration,FLOBN-M Position Z5 Magnesium Concentration,FLOBN-M Position Z5 Sodium Concentration,FLOBN-M Position Z5 Potassium Concentration,FLOBN-M Position Z5 Sulfate Concentration,FLOBN-M Position Z5 Chloride Concentration,FLOBN-M X-Direction Flow Timestamp,FLOBN-M X-Direction Flow Rate ,FLOBN-M Y-Direction Flow Timestamp,FLOBN-M Y-Direction Flow Rate ,FLOBN-M Z-Direction Flow Timestamp,FLOBN-M Z-Direction Flow Rate 
Units,yyyy/mm/dd hh,g/L,yyyy/mm/dd hh,g/L,yyyy/mm/dd hh,g/L,yyyy/mm/dd hh,g/L,yyyy/mm/dd hh,g/L,mM,mM,mM,mM,mM,mM,yyyy/mm/dd hh,g/L,mM,mM,mM,mM,mM,mM,yyyy/mm/dd hh,g/L,mM,mM,mM,mM,mM,mM,yyyy/mm/dd hh,g/L,mM,mM,mM,mM,mM,mM,yyyy/mm/dd hh,g/L,mM,mM,mM,mM,mM,mM,yyyy/mm/dd hh,cm/yr,yyyy/mm/dd hh,cm/yr,yyyy/mm/dd hh,cm/yr
Format,GMT Date and Time,Floating Point,GMT Date and Time,Floating Point,GMT Date and Time,Floating Point,GMT Date and Time,Floating Point,GMT Date and Time,Floating Point,Floating Point,Floating Point,Floating Point,Floating Point,Floating Point,Floating Point,GMT Date and Time,Floating Point,Floating Point,Floating Point,Floating Point,Floating Point,Floating Point,Floating Point,GMT Date and Time,Floating Point,Floating Point,Floating Point,Floating Point,Floating Point,Floating Point,Floating Point,GMT Date and Time,Floating Point,Floating Point,Floating Point,Floating Point,Floating Point,Floating Point,Floating Point,GMT Date and Time,Floating Point,Floating Point,Floating Point,Floating Point,Floating Point,Floating Point,Floating Point,GMT Date and Time,Floating Point,GMT Date and Time,Floating Point,GMT Date and Time,Floating Point
Significant Digits,At best - Resolution of hours,tbd,At best - Resolution of hours,tbd,At best - Resolution of hours,tbd,At best - Resolution of hours,tbd,At best - Resolution of hours,tbd,tbd,tbd,tbd,tbd,tbd,tbd,At best - Resolution of hours,tbd,tbd,tbd,tbd,tbd,tbd,tbd,At best - Resolution of hours,tbd,tbd,tbd,tbd,tbd,tbd,tbd,At best - Resolution of hours,tbd,tbd,tbd,tbd,tbd,tbd,tbd,At best - Resolution of hours,tbd,tbd,tbd,tbd,tbd,tbd,tbd,At best - Resolution of hours,tbd,At best - Resolution of hours,tbd,At best - Resolution of hours,tbd
,2013/06/12 08,397.35,2013/06/12 08,392.24,2013/06/12 08,10.37,2013/06/12 08,392.24,2013/06/12 08,392.24,26.82,26.82,26.82,26.82,26.82,26.82,2013/06/12 08,392.24,26.82,26.82,26.82,26.82,26.82,26.82,2013/06/12 08,392.24,26.82,26.82,26.82,26.82,26.82,26.82,2013/06/12 08,392.24,26.82,26.82,26.82,26.82,26.82,26.82,2013/06/12 08,392.24,26.82,26.82,26.82,26.82,26.82,26.82,2013/06/12 08,26.218,2013/06/12 08,45.8815,2013/06/12 08,131.09
,2013/06/14 10,392.24,2013/06/14 13,392.6,2013/06/14 06,10.24,2013/06/14 04,392.6,2013/06/14 07,392.6,26.48,26.48,26.48,26.48,26.48,26.48,2013/06/14 10,392.6,26.48,26.48,26.48,26.48,26.48,26.48,2013/06/16 10,392.6,26.48,26.48,26.48,26.48,26.48,26.48,2013/06/14 07,392.6,26.48,26.48,26.48,26.48,26.48,26.48,2013/06/14 09,392.6,26.48,26.48,26.48,26.48,26.48,26.48,2013/06/14 08,8.966,2013/06/14 16,15.6905,2013/06/14 04,44.83
,2013/06/16 11,392.6,2013/06/16 18,394.29,2013/06/16 04,10.25,2013/06/15 23,394.29,2013/06/16 06,394.29,26.5,26.5,26.5,26.5,26.5,26.5,2013/06/16 12,394.29,26.5,26.5,26.5,26.5,26.5,26.5,2013/06/20 12,394.29,26.5,26.5,26.5,26.5,26.5,26.5,2013/06/16 05,394.29,26.5,26.5,26.5,26.5,26.5,26.5,2013/06/16 09,394.29,26.5,26.5,26.5,26.5,26.5,26.5,2013/06/16 08,9.402,2013/06/16 23,16.4535,2013/06/15 23,47.01
,2013/06/18 12,394.29,2013/06/18 23,396.91,2013/06/18 01,10.29,2013/06/17 18,396.91,2013/06/18 05,396.91,26.61,26.61,26.61,26.61,26.61,26.61,2013/06/18 14,396.91,26.61,26.61,26.61,26.61,26.61,26.61,2013/06/24 14,396.91,26.61,26.61,26.61,26.61,26.61,26.61,2013/06/18 03,396.91,26.61,26.61,26.61,26.61,26.61,26.61,2013/06/18 10,396.91,26.61,26.61,26.61,26.61,26.61,26.61,2013/06/18 07,12.182,2013/06/19 06,21.3185,2013/06/17 18,60.91
,2013/06/20 13,396.91,2013/06/21 04,395.56,2013/06/19 23,10.36,2013/06/19 13,395.56,2013/06/20 04,395.56,26.79,26.79,26.79,26.79,26.79,26.79,2013/06/20 16,395.56,26.79,26.79,26.79,26.79,26.79,26.79,2013/06/28 15,395.56,26.79,26.79,26.79,26.79,26.79,26.79,2013/06/20 02,395.56,26.79,26.79,26.79,26.79,26.79,26.79,2013/06/20 10,395.56,26.79,26.79,26.79,26.79,26.79,26.79,2013/06/20 07,22.542,2013/06/21 13,39.4485,2013/06/19 13,112.71
,2013/06/22 14,395.56,2013/06/23 08,395.73,2013/06/21 20,10.32,2013/06/21 08,395.73,2013/06/22 02,395.73,26.7,26.7,26.7,26.7,26.7,26.7,2013/06/22 18,395.73,26.7,26.7,26.7,26.7,26.7,26.7,2013/07/02 17,395.73,26.7,26.7,26.7,26.7,26.7,26.7,2013/06/22 00,395.73,26.7,26.7,26.7,26.7,26.7,26.7,2013/06/22 11,395.73,26.7,26.7,26.7,26.7,26.7,26.7,2013/06/22 06,15.68,2013/06/23 20,27.44,2013/06/21 08,78.4
,2013/06/24 16,395.73,2013/06/25 13,393.51,2013/06/23 18,10.33,2013/06/23 04,393.51,2013/06/24 01,393.51,26.71,26.71,26.71,26.71,26.71,26.71,2013/06/24 20,393.51,26.71,26.71,26.71,26.71,26.71,26.71,2013/07/06 19,393.51,26.71,26.71,26.71,26.71,26.71,26.71,2013/06/23 22,393.51,26.71,26.71,26.71,26.71,26.71,26.71,2013/06/24 11,393.51,26.71,26.71,26.71,26.71,26.71,26.71,2013/06/24 06,16.308,2013/06/26 04,28.539,2013/06/23 04,81.54
,2013/06/26 17,393.51,2013/06/27 18,394.1,2013/06/25 16,10.27,2013/06/24 23,394.1,2013/06/26 00,394.1,26.56,26.56,26.56,26.56,26.56,26.56,2013/06/26 22,394.1,26.56,26.56,26.56,26.56,26.56,26.56,2013/07/10 20,394.1,26.56,26.56,26.56,26.56,26.56,26.56,2013/06/25 21,394.1,26.56,26.56,26.56,26.56,26.56,26.56,2013/06/26 12,394.1,26.56,26.56,26.56,26.56,26.56,26.56,2013/06/26 05,10.722,2013/06/28 11,18.7635,2013/06/24 23,53.61
,2013/06/28 18,394.1,2013/06/29 23,394.82,2013/06/27 13,10.29,2013/06/26 18,394.82,2013/06/27 23,394.82,26.6,26.6,26.6,26.6,26.6,26.6,2013/06/29 00,394.82,26.6,26.6,26.6,26.6,26.6,26.6,2013/07/14 22,394.82,26.6,26.6,26.6,26.6,26.6,26.6,2013/06/27 19,394.82,26.6,26.6,26.6,26.6,26.6,26.6,2013/06/28 12,394.82,26.6,26.6,26.6,26.6,26.6,26.6,2013/06/28 05,11.798,2013/06/30 18,20.6465,2013/06/26 18,58.99
,2013/06/30 19,394.82,2013/07/02 04,397.59,2013/06/29 11,10.3,2013/06/28 13,397.59,2013/06/29 22,397.59,26.65,26.65,26.65,26.65,26.65,26.65,2013/07/01 02,397.59,26.65,26.65,26.65,26.65,26.65,26.65,2013/07/19 00,397.59,26.65,26.65,26.65,26.65,26.65,26.65,2013/06/29 17,397.59,26.65,26.65,26.65,26.65,26.65,26.65,2013/06/30 13,397.59,26.65,26.65,26.65,26.65,26.65,26.65,2013/06/30 04,13.426,2013/07/03 01,23.4955,2013/06/28 13,67.13
,2013/07/02 20,397.59,2013/07/04 08,397.64,2013/07/01 08,10.38,2013/06/30 08,397.64,2013/07/01 20,397.64,26.84,26.84,26.84,26.84,26.84,26.84,2013/07/03 04,397.64,26.84,26.84,26.84,26.84,26.84,26.84,2013/07/23 01,397.64,26.84,26.84,26.84,26.84,26.84,26.84,2013/07/01 16,397.64,26.84,26.84,26.84,26.84,26.84,26.84,2013/07/02 13,397.64,26.84,26.84,26.84,26.84,26.84,26.84,2013/07/02 04,28.852,2013/07/05 08,50.491,2013/06/30 08,144.26
,2013/07/04 22,397.64,2013/07/06 13,394.45,2013/07/03 06,10.38,2013/07/02 04,394.45,2013/07/03 19,394.45,26.84,26.84,26.84,26.84,26.84,26.84,2013/07/05 06,394.45,26.84,26.84,26.84,26.84,26.84,26.84,2013/07/27 03,394.45,26.84,26.84,26.84,26.84,26.84,26.84,2013/07/03 14,394.45,26.84,26.84,26.84,26.84,26.84,26.84,2013/07/04 14,394.45,26.84,26.84,26.84,26.84,26.84,26.84,2013/07/04 03,29.546,2013/07/07 16,51.7055,2013/07/02 04,147.73
,2013/07/06 23,394.45,2013/07/08 18,393.73,2013/07/05 04,10.3,2013/07/03 23,393.73,2013/07/05 18,393.73,26.63,26.63,26.63,26.63,26.63,26.63,2013/07/07 08,393.73,26.63,26.63,26.63,26.63,26.63,26.63,2013/07/31 05,393.73,26.63,26.63,26.63,26.63,26.63,26.63,2013/07/05 12,393.73,26.63,26.63,26.63,26.63,26.63,26.63,2013/07/06 14,393.73,26.63,26.63,26.63,26.63,26.63,26.63,2013/07/06 03,12.534,2013/07/09 23,21.9345,2013/07/03 23,62.67
,2013/07/09 00,393.73,2013/07/10 23,390.58,2013/07/07 01,10.28,2013/07/05 18,390.58,2013/07/07 17,390.58,26.58,26.58,26.58,26.58,26.58,26.58,2013/07/09 09,390.58,26.58,26.58,26.58,26.58,26.58,26.58,2013/08/04 06,390.58,26.58,26.58,26.58,26.58,26.58,26.58,2013/07/07 11,390.58,26.58,26.58,26.58,26.58,26.58,26.58,2013/07/08 15,390.58,26.58,26.58,26.58,26.58,26.58,26.58,2013/07/08 02,11.098,2013/07/12 06,19.4215,2013/07/05 18,55.49
,2013/07/11 01,390.58,2013/07/13 04,392.06,2013/07/08 23,10.19,2013/07/07 13,392.06,2013/07/09 16,392.06,26.36,26.36,26.36,26.36,26.36,26.36,2013/07/11 11,392.06,26.36,26.36,26.36,26.36,26.36,26.36,2013/08/08 08,392.06,26.36,26.36,26.36,26.36,26.36,26.36,2013/07/09 09,392.06,26.36,26.36,26.36,26.36,26.36,26.36,2013/07/10 15,392.06,26.36,26.36,26.36,26.36,26.36,26.36,2013/07/10 02,7.392,2013/07/14 13,12.936,2013/07/07 13,36.96
,2013/07/13 02,392.06,2013/07/15 08,390.22,2013/07/10 20,10.23,2013/07/09 08,390.22,2013/07/11 14,390.22,26.46,26.46,26.46,26.46,26.46,26.46,2013/07/13 13,390.22,26.46,26.46,26.46,26.46,26.46,26.46,2013/08/12 10,390.22,26.46,26.46,26.46,26.46,26.46,26.46,2013/07/11 07,390.22,26.46,26.46,26.46,26.46,26.46,26.46,2013/07/12 16,390.22,26.46,26.46,26.46,26.46,26.46,26.46,2013/07/12 01,8.762,2013/07/16 20,15.3335,2013/07/09 08,43.81
,2013/07/15 04,390.22,2013/07/17 13,391.97,2013/07/12 18,10.18,2013/07/11 04,391.97,2013/07/13 13,391.97,26.34,26.34,26.34,26.34,26.34,26.34,2013/07/15 15,391.97,26.34,26.34,26.34,26.34,26.34,26.34,2013/08/16 11,391.97,26.34,26.34,26.34,26.34,26.34,26.34,2013/07/13 06,391.97,26.34,26.34,26.34,26.34,26.34,26.34,2013/07/14 16,391.97,26.34,26.34,26.34,26.34,26.34,26.34,2013/07/14 01,7.118,2013/07/19 04,12.4565,2013/07/11 04,35.59
,2013/07/17 05,391.97,2013/07/19 18,391.96,2013/07/14 16,10.23,2013/07/12 23,391.96,2013/07/15 12,391.96,26.46,26.46,26.46,26.46,26.46,26.46,2013/07/17 17,391.96,26.46,26.46,26.46,26.46,26.46,26.46,2013/08/20 13,391.96,26.46,26.46,26.46,26.46,26.46,26.46,2013/07/15 04,391.96,26.46,26.46,26.46,26.46,26.46,26.46,2013/07/16 17,391.96,26.46,26.46,26.46,26.46,26.46,26.46,2013/07/16 00,8.664,2013/07/21 11,15.162,2013/07/12 23,43.32
,2013/07/19 06,391.96,2013/07/21 23,392.86,2013/07/16 13,10.23,2013/07/14 18,392.86,2013/07/17 11,392.86,26.46,26.46,26.46,26.46,26.46,26.46,2013/07/19 19,392.86,26.46,26.46,26.46,26.46,26.46,26.46,2013/08/24 15,392.86,26.46,26.46,26.46,26.46,26.46,26.46,2013/07/17 02,392.86,26.46,26.46,26.46,26.46,26.46,26.46,2013/07/18 17,392.86,26.46,26.46,26.46,26.46,26.46,26.46,2013/07/18 00,8.654,2013/07/23 18,15.1445,2013/07/14 18,43.27
,2013/07/21 07,392.86,2013/07/24 04,393.24,2013/07/18 11,10.25,2013/07/16 13,393.24,2013/07/19 10,393.24,26.52,26.52,26.52,26.52,26.52,26.52,2013/07/21 21,393.24,26.52,26.52,26.52,26.52,26.52,26.52,2013/08/28 16,393.24,26.52,26.52,26.52,26.52,26.52,26.52,2013/07/19 01,393.24,26.52,26.52,26.52,26.52,26.52,26.52,2013/07/20 18,393.24,26.52,26.52,26.52,26.52,26.52,26.52,2013/07/19 23,9.742,2013/07/26 01,17.0485,2013/07/16 13,48.71
,2013/07/23 08,393.24,2013/07/26 08,392.86,2013/07/20 08,10.26,2013/07/18 08,392.86,2013/07/21 08,392.86,26.54,26.54,26.54,26.54,26.54,26.54,2013/07/23 23,392.86,26.54,26.54,26.54,26.54,26.54,26.54,2013/09/01 18,392.86,26.54,26.54,26.54,26.54,26.54,26.54,2013/07/20 23,392.86,26.54,26.54,26.54,26.54,26.54,26.54,2013/07/22 18,392.86,26.54,26.54,26.54,26.54,26.54,26.54,2013/07/21 23,10.298,2013/07/28 08,18.0215,2013/07/18 08,51.49
,2013/07/25 10,392.86,2013/07/28 13,391.56,2013/07/22 06,10.25,2013/07/20 04,391.56,2013/07/23 07,391.56,26.52,26.52,26.52,26.52,26.52,26.52,2013/07/26 01,391.56,26.52,26.52,26.52,26.52,26.52,26.52,2013/09/05 20,391.56,26.52,26.52,26.52,26.52,26.52,26.52,2013/07/22 21,391.56,26.52,26.52,26.52,26.52,26.52,26.52,2013/07/24 19,391.56,26.52,26.52,26.52,26.52,26.52,26.52,2013/07/23 22,9.746,2013/07/30 16,17.0555,2013/07/20 04,48.73
,2013/07/27 11,391.56,2013/07/30 18,373.56,2013/07/24 04,10.22,2013/07/21 23,373.56,2013/07/25 06,373.56,26.43,26.43,26.43,26.43,26.43,26.43,2013/07/28 03,373.56,26.43,26.43,26.43,26.43,26.43,26.43,2013/09/09 21,373.56,26.43,26.43,26.43,26.43,26.43,26.43,2013/07/24 20,373.56,26.43,26.43,26.43,26.43,26.43,26.43,2013/07/26 19,373.56,26.43,26.43,26.43,26.43,26.43,26.43,2013/07/25 22,8.248,2013/08/01 23,14.434,2013/07/21 23,41.24
,2013/07/29 12,373.56,2013/08/01 23,370.73,2013/07/26 01,9.75,2013/07/23 18,370.73,2013/07/27 05,370.73,25.22,25.22,25.22,25.22,25.22,25.22,2013/07/30 05,370.73,25.22,25.22,25.22,25.22,25.22,25.22,2013/09/13 23,370.73,25.22,25.22,25.22,25.22,25.22,25.22,2013/07/26 18,370.73,25.22,25.22,25.22,25.22,25.22,25.22,2013/07/28 20,370.73,25.22,25.22,25.22,25.22,25.22,25.22,2013/07/27 21,2.632,2013/08/04 06,4.606,2013/07/23 18,13.16
,2013/07/31 13,370.73,2013/08/04 04,346.22,2013/07/27 23,9.68,2013/07/25 13,346.22,2013/07/29 04,346.22,25.02,25.02,25.02,25.02,25.02,25.02,2013/08/01 07,346.22,25.02,25.02,25.02,25.02,25.02,25.02,2013/09/18 01,346.22,25.02,25.02,25.02,25.02,25.02,25.02,2013/07/28 16,346.22,25.02,25.02,25.02,25.02,25.02,25.02,2013/07/30 20,346.22,25.02,25.02,25.02,25.02,25.02,25.02,2013/07/29 21,2.378,2013/08/06 13,4.1615,2013/07/25 13,11.89
,2013/08/02 14,346.22,2013/08/06 08,325.59,2013/07/29 20,9.04,2013/07/27 08,325.59,2013/07/31 02,325.59,23.37,23.37,23.37,23.37,23.37,23.37,2013/08/03 08,325.59,23.37,23.37,23.37,23.37,23.37,23.37,2013/09/22 02,325.59,23.37,23.37,23.37,23.37,23.37,23.37,2013/07/30 14,325.59,23.37,23.37,23.37,23.37,23.37,23.37,2013/08/01 20,325.59,23.37,23.37,23.37,23.37,23.37,23.37,2013/07/31 20,1.294,2013/08/08 20,2.2645,2013/07/27 08,6.47
,2013/08/04 16,325.59,2013/08/08 13,306.15,2013/07/31 18,8.5,2013/07/29 04,306.15,2013/08/02 01,306.15,21.98,21.98,21.98,21.98,21.98,21.98,2013/08/05 10,306.15,21.98,21.98,21.98,21.98,21.98,21.98,2013/09/26 04,306.15,21.98,21.98,21.98,21.98,21.98,21.98,2013/08/01 13,306.15,21.98,21.98,21.98,21.98,21.98,21.98,2013/08/03 21,306.15,21.98,21.98,21.98,21.98,21.98,21.98,2013/08/02 20,0.936,2013/08/11 04,1.638,2013/07/29 04,4.68
,2013/08/06 17,306.15,2013/08/10 18,312.23,2013/08/02 16,7.99,2013/07/30 23,312.23,2013/08/04 00,312.23,20.66,20.66,20.66,20.66,20.66,20.66,2013/08/07 12,312.23,20.66,20.66,20.66,20.66,20.66,20.66,2013/09/30 06,312.23,20.66,20.66,20.66,20.66,20.66,20.66,2013/08/03 11,312.23,20.66,20.66,20.66,20.66,20.66,20.66,2013/08/05 21,312.23,20.66,20.66,20.66,20.66,20.66,20.66,2013/08/04 20,0.742,2013/08/13 11,1.2985,2013/07/30 23,3.71
,2013/08/08 18,312.23,2013/08/12 23,326,2013/08/04 13,8.15,2013/08/01 18,326,2013/08/05 23,326,21.08,21.08,21.08,21.08,21.08,21.08,2013/08/09 14,326,21.08,21.08,21.08,21.08,21.08,21.08,2013/10/04 08,326,21.08,21.08,21.08,21.08,21.08,21.08,2013/08/05 09,326,21.08,21.08,21.08,21.08,21.08,21.08,2013/08/07 22,326,21.08,21.08,21.08,21.08,21.08,21.08,2013/08/06 19,0.794,2013/08/15 18,1.3895,2013/08/01 18,3.97
,2013/08/10 19,326,2013/08/15 04,324.97,2013/08/06 11,8.51,2013/08/03 13,324.97,2013/08/07 22,324.97,22.01,22.01,22.01,22.01,22.01,22.01,2013/08/11 16,324.97,22.01,22.01,22.01,22.01,22.01,22.01,2013/10/08 09,324.97,22.01,22.01,22.01,22.01,22.01,22.01,2013/08/07 08,324.97,22.01,22.01,22.01,22.01,22.01,22.01,2013/08/09 22,324.97,22.01,22.01,22.01,22.01,22.01,22.01,2013/08/08 19,0.94,2013/08/18 01,1.645,2013/08/03 13,4.7
,2013/08/12 20,324.97,2013/08/17 08,315.77,2013/08/08 08,8.48,2013/08/05 08,315.77,2013/08/09 20,315.77,21.94,21.94,21.94,21.94,21.94,21.94,2013/08/13 18,315.77,21.94,21.94,21.94,21.94,21.94,21.94,2013/10/12 11,315.77,21.94,21.94,21.94,21.94,21.94,21.94,2013/08/09 06,315.77,21.94,21.94,21.94,21.94,21.94,21.94,2013/08/11 23,315.77,21.94,21.94,21.94,21.94,21.94,21.94,2013/08/10 18,0.928,2013/08/20 08,1.624,2013/08/05 08,4.64
,2013/08/14 22,315.77,2013/08/19 13,318.69,2013/08/10 06,8.24,2013/08/07 04,318.69,2013/08/11 19,318.69,21.31,21.31,21.31,21.31,21.31,21.31,2013/08/15 20,318.69,21.31,21.31,21.31,21.31,21.31,21.31,2013/10/16 13,318.69,21.31,21.31,21.31,21.31,21.31,21.31,2013/08/11 04,318.69,21.31,21.31,21.31,21.31,21.31,21.31,2013/08/13 23,318.69,21.31,21.31,21.31,21.31,21.31,21.31,2013/08/12 18,0.826,2013/08/22 16,1.4455,2013/08/07 04,4.13
,2013/08/16 23,318.69,2013/08/21 18,316.48,2013/08/12 04,8.32,2013/08/08 23,316.48,2013/08/13 18,316.48,21.51,21.51,21.51,21.51,21.51,21.51,2013/08/17 22,316.48,21.51,21.51,21.51,21.51,21.51,21.51,2013/10/20 14,316.48,21.51,21.51,21.51,21.51,21.51,21.51,2013/08/13 03,316.48,21.51,21.51,21.51,21.51,21.51,21.51,2013/08/16 00,316.48,21.51,21.51,21.51,21.51,21.51,21.51,2013/08/14 17,0.856,2013/08/24 23,1.498,2013/08/08 23,4.28
,2013/08/19 00,316.48,2013/08/23 23,323.07,2013/08/14 01,8.26,2013/08/10 18,323.07,2013/08/15 17,323.07,21.36,21.36,21.36,21.36,21.36,21.36,2013/08/20 00,323.07,21.36,21.36,21.36,21.36,21.36,21.36,2013/10/24 16,323.07,21.36,21.36,21.36,21.36,21.36,21.36,2013/08/15 01,323.07,21.36,21.36,21.36,21.36,21.36,21.36,2013/08/18 00,323.07,21.36,21.36,21.36,21.36,21.36,21.36,2013/08/16 17,0.834,2013/08/27 06,1.4595,2013/08/10 18,4.17
,2013/08/21 01,323.07,2013/08/26 04,312.04,2013/08/15 23,8.43,2013/08/12 13,312.04,2013/08/17 16,312.04,21.81,21.81,21.81,21.81,21.81,21.81,2013/08/22 02,312.04,21.81,21.81,21.81,21.81,21.81,21.81,2013/10/28 18,312.04,21.81,21.81,21.81,21.81,21.81,21.81,2013/08/16 23,312.04,21.81,21.81,21.81,21.81,21.81,21.81,2013/08/20 01,312.04,21.81,21.81,21.81,21.81,21.81,21.81,2013/08/18 16,0.904,2013/08/29 13,1.582,2013/08/12 13,4.52
,2013/08/23 02,312.04,2013/08/28 08,314.29,2013/08/17 20,8.14,2013/08/14 08,314.29,2013/08/19 14,314.29,21.06,21.06,21.06,21.06,21.06,21.06,2013/08/24 04,314.29,21.06,21.06,21.06,21.06,21.06,21.06,2013/11/01 19,314.29,21.06,21.06,21.06,21.06,21.06,21.06,2013/08/18 22,314.29,21.06,21.06,21.06,21.06,21.06,21.06,2013/08/22 01,314.29,21.06,21.06,21.06,21.06,21.06,21.06,2013/08/20 16,0.792,2013/08/31 20,1.386,2013/08/14 08,3.96
,2013/08/25 04,314.29,2013/08/30 13,303.83,2013/08/19 18,8.2,2013/08/16 04,303.83,2013/08/21 13,303.83,21.21,21.21,21.21,21.21,21.21,21.21,2013/08/26 06,303.83,21.21,21.21,21.21,21.21,21.21,21.21,2013/11/05 21,303.83,21.21,21.21,21.21,21.21,21.21,21.21,2013/08/20 20,303.83,21.21,21.21,21.21,21.21,21.21,21.21,2013/08/24 02,303.83,21.21,21.21,21.21,21.21,21.21,21.21,2013/08/22 15,0.812,2013/09/03 04,1.421,2013/08/16 04,4.06
,2013/08/27 05,303.83,2013/09/01 18,307.17,2013/08/21 16,7.93,2013/08/17 23,307.17,2013/08/23 12,307.17,20.51,20.51,20.51,20.51,20.51,20.51,2013/08/28 08,307.17,20.51,20.51,20.51,20.51,20.51,20.51,2013/11/09 23,307.17,20.51,20.51,20.51,20.51,20.51,20.51,2013/08/22 18,307.17,20.51,20.51,20.51,20.51,20.51,20.51,2013/08/26 02,307.17,20.51,20.51,20.51,20.51,20.51,20.51,2013/08/24 15,0.724,2013/09/05 11,1.267,2013/08/17 23,3.62
,2013/08/29 06,307.17,2013/09/03 23,302.93,2013/08/23 13,8.02,2013/08/19 18,302.93,2013/08/25 11,302.93,20.73,20.73,20.73,20.73,20.73,20.73,2013/08/30 09,302.93,20.73,20.73,20.73,20.73,20.73,20.73,2013/11/14 00,302.93,20.73,20.73,20.73,20.73,20.73,20.73,2013/08/24 17,302.93,20.73,20.73,20.73,20.73,20.73,20.73,2013/08/28 03,302.93,20.73,20.73,20.73,20.73,20.73,20.73,2013/08/26 14,0.75,2013/09/07 18,1.3125,2013/08/19 18,3.75
,2013/08/31 07,302.93,2013/09/06 04,308.66,2013/08/25 11,7.91,2013/08/21 13,308.66,2013/08/27 10,308.66,20.45,20.45,20.45,20.45,20.45,20.45,2013/09/01 11,308.66,20.45,20.45,20.45,20.45,20.45,20.45,2013/11/18 02,308.66,20.45,20.45,20.45,20.45,20.45,20.45,2013/08/26 15,308.66,20.45,20.45,20.45,20.45,20.45,20.45,2013/08/30 03,308.66,20.45,20.45,20.45,20.45,20.45,20.45,2013/08/28 14,0.718,2013/09/10 01,1.2565,2013/08/21 13,3.59
,2013/09/02 08,308.66,2013/09/08 08,308.98,2013/08/27 08,8.06,2013/08/23 08,308.98,2013/08/29 08,308.98,20.83,20.83,20.83,20.83,20.83,20.83,2013/09/03 13,308.98,20.83,20.83,20.83,20.83,20.83,20.83,2013/11/22 04,308.98,20.83,20.83,20.83,20.83,20.83,20.83,2013/08/28 13,308.98,20.83,20.83,20.83,20.83,20.83,20.83,2013/09/01 04,308.98,20.83,20.83,20.83,20.83,20.83,20.83,2013/08/30 13,0.762,2013/09/12 08,1.3335,2013/08/23 08,3.81
,2013/09/04 10,308.98,2013/09/10 13,309.6,2013/08/29 06,8.06,2013/08/25 04,309.6,2013/08/31 07,309.6,20.86,20.86,20.86,20.86,20.86,20.86,2013/09/05 15,309.6,20.86,20.86,20.86,20.86,20.86,20.86,2013/11/26 05,309.6,20.86,20.86,20.86,20.86,20.86,20.86,2013/08/30 12,309.6,20.86,20.86,20.86,20.86,20.86,20.86,2013/09/03 04,309.6,20.86,20.86,20.86,20.86,20.86,20.86,2013/09/01 13,0.764,2013/09/14 16,1.337,2013/08/25 04,3.82
,2013/09/06 11,309.6,2013/09/12 18,304.13,2013/08/31 04,8.08,2013/08/26 23,304.13,2013/09/02 06,304.13,20.9,20.9,20.9,20.9,20.9,20.9,2013/09/07 17,304.13,20.9,20.9,20.9,20.9,20.9,20.9,2013/11/30 07,304.13,20.9,20.9,20.9,20.9,20.9,20.9,2013/09/01 10,304.13,20.9,20.9,20.9,20.9,20.9,20.9,2013/09/05 05,304.13,20.9,20.9,20.9,20.9,20.9,20.9,2013/09/03 12,0.77,2013/09/16 23,1.3475,2013/08/26 23,3.85
,2013/09/08 12,304.13,2013/09/14 23,309.58,2013/09/02 01,7.94,2013/08/28 18,309.58,2013/09/04 05,309.58,20.53,20.53,20.53,20.53,20.53,20.53,2013/09/09 19,309.58,20.53,20.53,20.53,20.53,20.53,20.53,2013/12/04 09,309.58,20.53,20.53,20.53,20.53,20.53,20.53,2013/09/03 08,309.58,20.53,20.53,20.53,20.53,20.53,20.53,2013/09/07 05,309.58,20.53,20.53,20.53,20.53,20.53,20.53,2013/09/05 12,0.726,2013/09/19 06,1.2705,2013/08/28 18,3.63
,2013/09/10 13,309.58,2013/09/17 04,308.71,2013/09/03 23,8.08,2013/08/30 13,308.71,2013/09/06 04,308.71,20.9,20.9,20.9,20.9,20.9,20.9,2013/09/11 21,308.71,20.9,20.9,20.9,20.9,20.9,20.9,2013/12/08 10,308.71,20.9,20.9,20.9,20.9,20.9,20.9,2013/09/05 07,308.71,20.9,20.9,20.9,20.9,20.9,20.9,2013/09/09 06,308.71,20.9,20.9,20.9,20.9,20.9,20.9,2013/09/07 11,0.77,2013/09/21 13,1.3475,2013/08/30 13,3.85
,2013/09/12 14,308.71,2013/09/19 08,318.87,2013/09/05 20,8.06,2013/09/01 08,318.87,2013/09/08 02,318.87,20.84,20.84,20.84,20.84,20.84,20.84,2013/09/13 23,318.87,20.84,20.84,20.84,20.84,20.84,20.84,2013/12/12 12,318.87,20.84,20.84,20.84,20.84,20.84,20.84,2013/09/07 05,318.87,20.84,20.84,20.84,20.84,20.84,20.84,2013/09/11 06,318.87,20.84,20.84,20.84,20.84,20.84,20.84,2013/09/09 11,0.762,2013/09/23 20,1.3335,2013/09/01 08,3.81
,2013/09/14 16,318.87,2013/09/21 13,317.59,2013/09/07 18,8.32,2013/09/03 04,317.59,2013/09/10 01,317.59,21.52,21.52,21.52,21.52,21.52,21.52,2013/09/16 01,317.59,21.52,21.52,21.52,21.52,21.52,21.52,2013/12/16 14,317.59,21.52,21.52,21.52,21.52,21.52,21.52,2013/09/09 03,317.59,21.52,21.52,21.52,21.52,21.52,21.52,2013/09/13 07,317.59,21.52,21.52,21.52,21.52,21.52,21.52,2013/09/11 10,0.858,2013/09/26 04,1.5015,2013/09/03 04,4.29
,2013/09/16 17,317.59,2013/09/23 18,329.4,2013/09/09 16,8.29,2013/09/04 23,329.4,2013/09/12 00,329.4,21.44,21.44,21.44,21.44,21.44,21.44,2013/09/18 03,329.4,21.44,21.44,21.44,21.44,21.44,21.44,2013/12/20 15,329.4,21.44,21.44,21.44,21.44,21.44,21.44,2013/09/11 02,329.4,21.44,21.44,21.44,21.44,21.44,21.44,2013/09/15 07,329.4,21.44,21.44,21.44,21.44,21.44,21.44,2013/09/13 10,0.844,2013/09/28 11,1.477,2013/09/04 23,4.22
,2013/09/18 18,329.4,2013/09/25 23,322.74,2013/09/11 13,8.6,2013/09/06 18,322.74,2013/09/13 23,322.74,22.23,22.23,22.23,22.23,22.23,22.23,2013/09/20 05,322.74,22.23,22.23,22.23,22.23,22.23,22.23,2013/12/24 17,322.74,22.23,22.23,22.23,22.23,22.23,22.23,2013/09/13 00,322.74,22.23,22.23,22.23,22.23,22.23,22.23,2013/09/17 08,322.74,22.23,22.23,22.23,22.23,22.23,22.23,2013/09/15 09,0.986,2013/09/30 18,1.7255,2013/09/06 18,4.93
,2013/09/20 19,322.74,2013/09/28 04,326.58,2013/09/13 11,8.42,2013/09/08 13,326.58,2013/09/15 22,326.58,21.79,21.79,21.79,21.79,21.79,21.79,2013/09/22 07,326.58,21.79,21.79,21.79,21.79,21.79,21.79,2013/12/28 19,326.58,21.79,21.79,21.79,21.79,21.79,21.79,2013/09/14 22,326.58,21.79,21.79,21.79,21.79,21.79,21.79,2013/09/19 08,326.58,21.79,21.79,21.79,21.79,21.79,21.79,2013/09/17 09,0.9,2013/10/03 01,1.575,2013/09/08 13,4.5
,2013/09/22 20,326.58,2013/09/30 08,317.18,2013/09/15 08,8.52,2013/09/10 08,317.18,2013/09/17 20,317.18,22.04,22.04,22.04,22.04,22.04,22.04,2013/09/24 08,317.18,22.04,22.04,22.04,22.04,22.04,22.04,2014/01/01 20,317.18,22.04,22.04,22.04,22.04,22.04,22.04,2013/09/16 20,317.18,22.04,22.04,22.04,22.04,22.04,22.04,2013/09/21 08,317.18,22.04,22.04,22.04,22.04,22.04,22.04,2013/09/19 08,0.948,2013/10/05 08,1.659,2013/09/10 08,4.74
,2013/09/24 22,317.18,2013/10/02 13,320.34,2013/09/17 06,8.28,2013/09/12 04,320.34,2013/09/19 19,320.34,21.41,21.41,21.41,21.41,21.41,21.41,2013/09/26 10,320.34,21.41,21.41,21.41,21.41,21.41,21.41,2014/01/05 22,320.34,21.41,21.41,21.41,21.41,21.41,21.41,2013/09/18 19,320.34,21.41,21.41,21.41,21.41,21.41,21.41,2013/09/23 09,320.34,21.41,21.41,21.41,21.41,21.41,21.41,2013/09/21 08,0.84,2013/10/07 16,1.47,2013/09/12 04,4.2
,2013/09/26 23,320.34,2013/10/04 18,309.91,2013/09/19 04,8.36,2013/09/13 23,309.91,2013/09/21 18,309.91,21.62,21.62,21.62,21.62,21.62,21.62,2013/09/28 12,309.91,21.62,21.62,21.62,21.62,21.62,21.62,2014/01/10 00,309.91,21.62,21.62,21.62,21.62,21.62,21.62,2013/09/20 17,309.91,21.62,21.62,21.62,21.62,21.62,21.62,2013/09/25 09,309.91,21.62,21.62,21.62,21.62,21.62,21.62,2013/09/23 08,0.874,2013/10/09 23,1.5295,2013/09/13 23,4.37
,2013/09/29 00,309.91,2013/10/06 23,309.06,2013/09/21 01,8.09,2013/09/15 18,309.06,2013/09/23 17,309.06,20.92,20.92,20.92,20.92,20.92,20.92,2013/09/30 14,309.06,20.92,20.92,20.92,20.92,20.92,20.92,2014/01/14 02,309.06,20.92,20.92,20.92,20.92,20.92,20.92,2013/09/22 15,309.06,20.92,20.92,20.92,20.92,20.92,20.92,2013/09/27 10,309.06,20.92,20.92,20.92,20.92,20.92,20.92,2013/09/25 07,0.772,2013/10/12 06,1.351,2013/09/15 18,3.86
,2013/10/01 01,309.06,2013/10/09 04,316.45,2013/09/22 23,8.07,2013/09/17 13,316.45,2013/09/25 16,316.45,20.86,20.86,20.86,20.86,20.86,20.86,2013/10/02 16,316.45,20.86,20.86,20.86,20.86,20.86,20.86,2014/01/18 03,316.45,20.86,20.86,20.86,20.86,20.86,20.86,2013/09/24 14,316.45,20.86,20.86,20.86,20.86,20.86,20.86,2013/09/29 10,316.45,20.86,20.86,20.86,20.86,20.86,20.86,2013/09/27 07,0.766,2013/10/14 13,1.3405,2013/09/17 13,3.83
,2013/10/03 02,316.45,2013/10/11 08,325.12,2013/09/24 20,8.26,2013/09/19 08,325.12,2013/09/27 14,325.12,21.36,21.36,21.36,21.36,21.36,21.36,2013/10/04 18,325.12,21.36,21.36,21.36,21.36,21.36,21.36,2014/01/22 05,325.12,21.36,21.36,21.36,21.36,21.36,21.36,2013/09/26 12,325.12,21.36,21.36,21.36,21.36,21.36,21.36,2013/10/01 11,325.12,21.36,21.36,21.36,21.36,21.36,21.36,2013/09/29 06,0.834,2013/10/16 20,1.4595,2013/09/19 08,4.17
,2013/10/05 04,325.12,2013/10/13 13,325.11,2013/09/26 18,8.49,2013/09/21 04,325.11,2013/09/29 13,325.11,21.95,21.95,21.95,21.95,21.95,21.95,2013/10/06 20,325.11,21.95,21.95,21.95,21.95,21.95,21.95,2014/01/26 07,325.11,21.95,21.95,21.95,21.95,21.95,21.95,2013/09/28 10,325.11,21.95,21.95,21.95,21.95,21.95,21.95,2013/10/03 11,325.11,21.95,21.95,21.95,21.95,21.95,21.95,2013/10/01 06,0.93,2013/10/19 04,1.6275,2013/09/21 04,4.65
,2013/10/07 05,325.11,2013/10/15 18,324.04,2013/09/28 16,8.49,2013/09/22 23,324.04,2013/10/01 12,324.04,21.94,21.94,21.94,21.94,21.94,21.94,2013/10/08 22,324.04,21.94,21.94,21.94,21.94,21.94,21.94,2014/01/30 08,324.04,21.94,21.94,21.94,21.94,21.94,21.94,2013/09/30 09,324.04,21.94,21.94,21.94,21.94,21.94,21.94,2013/10/05 12,324.04,21.94,21.94,21.94,21.94,21.94,21.94,2013/10/03 05,0.93,2013/10/21 11,1.6275,2013/09/22 23,4.65
,2013/10/09 06,324.04,2013/10/17 23,322.53,2013/09/30 13,8.46,2013/09/24 18,322.53,2013/10/03 11,322.53,21.87,21.87,21.87,21.87,21.87,21.87,2013/10/11 00,322.53,21.87,21.87,21.87,21.87,21.87,21.87,2014/02/03 10,322.53,21.87,21.87,21.87,21.87,21.87,21.87,2013/10/02 07,322.53,21.87,21.87,21.87,21.87,21.87,21.87,2013/10/07 12,322.53,21.87,21.87,21.87,21.87,21.87,21.87,2013/10/05 05,0.916,2013/10/23 18,1.603,2013/09/24 18,4.58
,2013/10/11 07,322.53,2013/10/20 04,319.82,2013/10/02 11,8.42,2013/09/26 13,319.82,2013/10/05 10,319.82,21.77,21.77,21.77,21.77,21.77,21.77,2013/10/13 02,319.82,21.77,21.77,21.77,21.77,21.77,21.77,2014/02/07 12,319.82,21.77,21.77,21.77,21.77,21.77,21.77,2013/10/04 05,319.82,21.77,21.77,21.77,21.77,21.77,21.77,2013/10/09 13,319.82,21.77,21.77,21.77,21.77,21.77,21.77,2013/10/07 04,0.898,2013/10/26 01,1.5715,2013/09/26 13,4.49
,2013/10/13 08,319.82,2013/10/22 08,322.23,2013/10/04 08,8.35,2013/09/28 08,322.23,2013/10/07 08,322.23,21.59,21.59,21.59,21.59,21.59,21.59,2013/10/15 04,322.23,21.59,21.59,21.59,21.59,21.59,21.59,2014/02/11 13,322.23,21.59,21.59,21.59,21.59,21.59,21.59,2013/10/06 04,322.23,21.59,21.59,21.59,21.59,21.59,21.59,2013/10/11 13,322.23,21.59,21.59,21.59,21.59,21.59,21.59,2013/10/09 04,0.868,2013/10/28 08,1.519,2013/09/28 08,4.34
,2013/10/15 10,322.23,2013/10/24 13,325.67,2013/10/06 06,8.41,2013/09/30 04,325.67,2013/10/09 07,325.67,21.75,21.75,21.75,21.75,21.75,21.75,2013/10/17 06,325.67,21.75,21.75,21.75,21.75,21.75,21.75,2014/02/15 15,325.67,21.75,21.75,21.75,21.75,21.75,21.75,2013/10/08 02,325.67,21.75,21.75,21.75,21.75,21.75,21.75,2013/10/13 14,325.67,21.75,21.75,21.75,21.75,21.75,21.75,2013/10/11 03,0.894,2013/10/30 16,1.5645,2013/09/30 04,4.47
,2013/10/17 11,325.67,2013/10/26 18,314.24,2013/10/08 04,8.5,2013/10/01 23,314.24,2013/10/11 06,314.24,21.98,21.98,21.98,21.98,21.98,21.98,2013/10/19 08,314.24,21.98,21.98,21.98,21.98,21.98,21.98,2014/02/19 17,314.24,21.98,21.98,21.98,21.98,21.98,21.98,2013/10/10 00,314.24,21.98,21.98,21.98,21.98,21.98,21.98,2013/10/15 14,314.24,21.98,21.98,21.98,21.98,21.98,21.98,2013/10/13 03,0.936,2013/11/01 23,1.638,2013/10/01 23,4.68
,2013/10/19 12,314.24,2013/10/28 23,301.55,2013/10/10 01,8.2,2013/10/03 18,301.55,2013/10/13 05,301.55,21.21,21.21,21.21,21.21,21.21,21.21,2013/10/21 09,301.55,21.21,21.21,21.21,21.21,21.21,21.21,2014/02/23 18,301.55,21.21,21.21,21.21,21.21,21.21,21.21,2013/10/11 23,301.55,21.21,21.21,21.21,21.21,21.21,21.21,2013/10/17 15,301.55,21.21,21.21,21.21,21.21,21.21,21.21,2013/10/15 02,0.812,2013/11/04 06,1.421,2013/10/03 18,4.06
,2013/10/21 13,301.55,2013/10/31 04,305.48,2013/10/11 23,7.87,2013/10/05 13,305.48,2013/10/15 04,305.48,20.35,20.35,20.35,20.35,20.35,20.35,2013/10/23 11,305.48,20.35,20.35,20.35,20.35,20.35,20.35,2014/02/27 20,305.48,20.35,20.35,20.35,20.35,20.35,20.35,2013/10/13 21,305.48,20.35,20.35,20.35,20.35,20.35,20.35,2013/10/19 15,305.48,20.35,20.35,20.35,20.35,20.35,20.35,2013/10/17 02,0.706,2013/11/06 13,1.2355,2013/10/05 13,3.53
,2013/10/23 14,305.48,2013/11/02 08,328.14,2013/10/13 20,7.97,2013/10/07 08,328.14,2013/10/17 02,328.14,20.62,20.62,20.62,20.62,20.62,20.62,2013/10/25 13,328.14,20.62,20.62,20.62,20.62,20.62,20.62,2014/03/03 22,328.14,20.62,20.62,20.62,20.62,20.62,20.62,2013/10/15 19,328.14,20.62,20.62,20.62,20.62,20.62,20.62,2013/10/21 16,328.14,20.62,20.62,20.62,20.62,20.62,20.62,2013/10/19 01,0.736,2013/11/08 20,1.288,2013/10/07 08,3.68
,2013/10/25 16,328.14,2013/11/04 13,328.43,2013/10/15 18,8.56,2013/10/09 04,328.43,2013/10/19 01,328.43,22.15,22.15,22.15,22.15,22.15,22.15,2013/10/27 15,328.43,22.15,22.15,22.15,22.15,22.15,22.15,2014/03/07 23,328.43,22.15,22.15,22.15,22.15,22.15,22.15,2013/10/17 18,328.43,22.15,22.15,22.15,22.15,22.15,22.15,2013/10/23 16,328.43,22.15,22.15,22.15,22.15,22.15,22.15,2013/10/21 01,0.968,2013/11/11 04,1.694,2013/10/09 04,4.84
,2013/10/27 17,328.43,2013/11/06 18,321.63,2013/10/17 16,8.57,2013/10/10 23,321.63,2013/10/21 00,321.63,22.17,22.17,22.17,22.17,22.17,22.17,2013/10/29 17,321.63,22.17,22.17,22.17,22.17,22.17,22.17,2014/03/12 01,321.63,22.17,22.17,22.17,22.17,22.17,22.17,2013/10/19 16,321.63,22.17,22.17,22.17,22.17,22.17,22.17,2013/10/25 17,321.63,22.17,22.17,22.17,22.17,22.17,22.17,2013/10/23 00,0.972,2013/11/13 11,1.701,2013/10/10 23,4.86
,2013/10/29 18,321.63,2013/11/08 23,303.19,2013/10/19 13,8.39,2013/10/12 18,303.19,2013/10/22 23,303.19,21.71,21.71,21.71,21.71,21.71,21.71,2013/10/31 19,303.19,21.71,21.71,21.71,21.71,21.71,21.71,2014/03/16 03,303.19,21.71,21.71,21.71,21.71,21.71,21.71,2013/10/21 14,303.19,21.71,21.71,21.71,21.71,21.71,21.71,2013/10/27 17,303.19,21.71,21.71,21.71,21.71,21.71,21.71,2013/10/25 00,0.888,2013/11/15 18,1.554,2013/10/12 18,4.44
,2013/10/31 19,303.19,2013/11/11 04,300.44,2013/10/21 11,7.91,2013/10/14 13,300.44,2013/10/24 22,300.44,20.47,20.47,20.47,20.47,20.47,20.47,2013/11/02 21,300.44,20.47,20.47,20.47,20.47,20.47,20.47,2014/03/20 04,300.44,20.47,20.47,20.47,20.47,20.47,20.47,2013/10/23 13,300.44,20.47,20.47,20.47,20.47,20.47,20.47,2013/10/29 18,300.44,20.47,20.47,20.47,20.47,20.47,20.47,2013/10/26 23,0.718,2013/11/18 01,1.2565,2013/10/14 13,3.59
,2013/11/02 20,300.44,2013/11/13 08,279.99,2013/10/23 08,7.84,2013/10/16 08,279.99,2013/10/26 20,279.99,20.28,20.28,20.28,20.28,20.28,20.28,2013/11/04 23,279.99,20.28,20.28,20.28,20.28,20.28,20.28,2014/03/24 06,279.99,20.28,20.28,20.28,20.28,20.28,20.28,2013/10/25 11,279.99,20.28,20.28,20.28,20.28,20.28,20.28,2013/10/31 18,279.99,20.28,20.28,20.28,20.28,20.28,20.28,2013/10/28 23,0.7,2013/11/20 08,1.225,2013/10/16 08,3.5
,2013/11/04 22,279.99,2013/11/15 13,274.38,2013/10/25 06,7.31,2013/10/18 04,274.38,2013/10/28 19,274.38,18.9,18.9,18.9,18.9,18.9,18.9,2013/11/07 01,274.38,18.9,18.9,18.9,18.9,18.9,18.9,2014/03/28 08,274.38,18.9,18.9,18.9,18.9,18.9,18.9,2013/10/27 09,274.38,18.9,18.9,18.9,18.9,18.9,18.9,2013/11/02 19,274.38,18.9,18.9,18.9,18.9,18.9,18.9,2013/10/30 22,0.58,2013/11/22 16,1.015,2013/10/18 04,2.9
,2013/11/06 23,274.38,2013/11/17 18,270.47,2013/10/27 04,7.16,2013/10/19 23,270.47,2013/10/30 18,270.47,18.52,18.52,18.52,18.52,18.52,18.52,2013/11/09 03,270.47,18.52,18.52,18.52,18.52,18.52,18.52,2014/04/01 09,270.47,18.52,18.52,18.52,18.52,18.52,18.52,2013/10/29 08,270.47,18.52,18.52,18.52,18.52,18.52,18.52,2013/11/04 19,270.47,18.52,18.52,18.52,18.52,18.52,18.52,2013/11/01 22,0.554,2013/11/24 23,0.9695,2013/10/19 23,2.77
,2013/11/09 00,270.47,2013/11/19 23,273.32,2013/10/29 01,7.06,2013/10/21 18,273.32,2013/11/01 17,273.32,18.26,18.26,18.26,18.26,18.26,18.26,2013/11/11 05,273.32,18.26,18.26,18.26,18.26,18.26,18.26,2014/04/05 11,273.32,18.26,18.26,18.26,18.26,18.26,18.26,2013/10/31 06,273.32,18.26,18.26,18.26,18.26,18.26,18.26,2013/11/06 20,273.32,18.26,18.26,18.26,18.26,18.26,18.26,2013/11/03 21,0.538,2013/11/27 06,0.9415,2013/10/21 18,2.69
,2013/11/11 01,273.32,2013/11/22 04,280.94,2013/10/30 23,7.13,2013/10/23 13,280.94,2013/11/03 16,280.94,18.45,18.45,18.45,18.45,18.45,18.45,2013/11/13 07,280.94,18.45,18.45,18.45,18.45,18.45,18.45,2014/04/09 13,280.94,18.45,18.45,18.45,18.45,18.45,18.45,2013/11/02 04,280.94,18.45,18.45,18.45,18.45,18.45,18.45,2013/11/08 20,280.94,18.45,18.45,18.45,18.45,18.45,18.45,2013/11/05 21,0.55,2013/11/29 13,0.9625,2013/10/23 13,2.75
,2013/11/13 02,280.94,2013/11/24 08,281.94,2013/11/01 20,7.33,2013/10/25 08,281.94,2013/11/05 14,281.94,18.96,18.96,18.96,18.96,18.96,18.96,2013/11/15 08,281.94,18.96,18.96,18.96,18.96,18.96,18.96,2014/04/13 14,281.94,18.96,18.96,18.96,18.96,18.96,18.96,2013/11/04 02,281.94,18.96,18.96,18.96,18.96,18.96,18.96,2013/11/10 20,281.94,18.96,18.96,18.96,18.96,18.96,18.96,2013/11/07 20,0.584,2013/12/01 20,1.022,2013/10/25 08,2.92
,2013/11/15 04,281.94,2013/11/26 13,284.23,2013/11/03 18,7.36,2013/10/27 04,284.23,2013/11/07 13,284.23,19.03,19.03,19.03,19.03,19.03,19.03,2013/11/17 10,284.23,19.03,19.03,19.03,19.03,19.03,19.03,2014/04/17 16,284.23,19.03,19.03,19.03,19.03,19.03,19.03,2013/11/06 01,284.23,19.03,19.03,19.03,19.03,19.03,19.03,2013/11/12 21,284.23,19.03,19.03,19.03,19.03,19.03,19.03,2013/11/09 20,0.59,2013/12/04 04,1.0325,2013/10/27 04,2.95
,2013/11/17 05,284.23,2013/11/28 18,283.01,2013/11/05 16,7.42,2013/10/28 23,283.01,2013/11/09 12,283.01,19.19,19.19,19.19,19.19,19.19,19.19,2013/11/19 12,283.01,19.19,19.19,19.19,19.19,19.19,19.19,2014/04/21 18,283.01,19.19,19.19,19.19,19.19,19.19,19.19,2013/11/07 23,283.01,19.19,19.19,19.19,19.19,19.19,19.19,2013/11/14 21,283.01,19.19,19.19,19.19,19.19,19.19,19.19,2013/11/11 20,0.602,2013/12/06 11,1.0535,2013/10/28 23,3.01
,2013/11/19 06,283.01,2013/11/30 23,283.96,2013/11/07 13,7.39,2013/10/30 18,283.96,2013/11/11 11,283.96,19.1,19.1,19.1,19.1,19.1,19.1,2013/11/21 14,283.96,19.1,19.1,19.1,19.1,19.1,19.1,2014/04/25 20,283.96,19.1,19.1,19.1,19.1,19.1,19.1,2013/11/09 21,283.96,19.1,19.1,19.1,19.1,19.1,19.1,2013/11/16 22,283.96,19.1,19.1,19.1,19.1,19.1,19.1,2013/11/13 19,0.594,2013/12/08 18,1.0395,2013/10/30 18,2.97
,2013/11/21 07,283.96,2013/12/03 04,284.77,2013/11/09 11,7.41,2013/11/01 13,284.77,2013/11/13 10,284.77,19.17,19.17,19.17,19.17,19.17,19.17,2013/11/23 16,284.77,19.17,19.17,19.17,19.17,19.17,19.17,2014/04/29 21,284.77,19.17,19.17,19.17,19.17,19.17,19.17,2013/11/11 20,284.77,19.17,19.17,19.17,19.17,19.17,19.17,2013/11/18 22,284.77,19.17,19.17,19.17,19.17,19.17,19.17,2013/11/15 19,0.6,2013/12/11 01,1.05,2013/11/01 13,3
,2013/11/23 08,284.77,2013/12/05 08,271.65,2013/11/11 08,7.43,2013/11/03 08,271.65,2013/11/15 08,271.65,19.22,19.22,19.22,19.22,19.22,19.22,2013/11/25 18,271.65,19.22,19.22,19.22,19.22,19.22,19.22,2014/05/03 23,271.65,19.22,19.22,19.22,19.22,19.22,19.22,2013/11/13 18,271.65,19.22,19.22,19.22,19.22,19.22,19.22,2013/11/20 23,271.65,19.22,19.22,19.22,19.22,19.22,19.22,2013/11/17 18,0.604,2013/12/13 08,1.057,2013/11/03 08,3.02
,2013/11/25 10,271.65,2013/12/07 13,265.27,2013/11/13 06,7.09,2013/11/05 04,265.27,2013/11/17 07,265.27,18.34,18.34,18.34,18.34,18.34,18.34,2013/11/27 20,265.27,18.34,18.34,18.34,18.34,18.34,18.34,2014/05/08 01,265.27,18.34,18.34,18.34,18.34,18.34,18.34,2013/11/15 16,265.27,18.34,18.34,18.34,18.34,18.34,18.34,2013/11/22 23,265.27,18.34,18.34,18.34,18.34,18.34,18.34,2013/11/19 18,0.542,2013/12/15 16,0.9485,2013/11/05 04,2.71
,2013/11/27 11,265.27,2013/12/09 18,250.07,2013/11/15 04,6.92,2013/11/06 23,250.07,2013/11/19 06,250.07,17.91,17.91,17.91,17.91,17.91,17.91,2013/11/29 22,250.07,17.91,17.91,17.91,17.91,17.91,17.91,2014/05/12 02,250.07,17.91,17.91,17.91,17.91,17.91,17.91,2013/11/17 15,250.07,17.91,17.91,17.91,17.91,17.91,17.91,2013/11/25 00,250.07,17.91,17.91,17.91,17.91,17.91,17.91,2013/11/21 17,0.516,2013/12/17 23,0.903,2013/11/06 23,2.58
,2013/11/29 12,250.07,2013/12/11 23,251.89,2013/11/17 01,6.53,2013/11/08 18,251.89,2013/11/21 05,251.89,16.88,16.88,16.88,16.88,16.88,16.88,2013/12/02 00,251.89,16.88,16.88,16.88,16.88,16.88,16.88,2014/05/16 04,251.89,16.88,16.88,16.88,16.88,16.88,16.88,2013/11/19 13,251.89,16.88,16.88,16.88,16.88,16.88,16.88,2013/11/27 00,251.89,16.88,16.88,16.88,16.88,16.88,16.88,2013/11/23 17,0.464,2013/12/20 06,0.812,2013/11/08 18,2.32
,2013/12/01 13,251.89,2013/12/14 04,0,2013/11/18 23,6.57,2013/11/10 13,0,2013/11/23 04,0,17,17,17,17,17,17,2013/12/04 02,0,17,17,17,17,17,17,2014/05/20 06,0,17,17,17,17,17,17,2013/11/21 11,0,17,17,17,17,17,17,2013/11/29 01,0,17,17,17,17,17,17,2013/11/25 16,0.47,2013/12/22 13,0.8225,2013/11/10 13,2.35