Message Id[unsigned short|#],Timestamp[unsigned long|epoch],Latitude[double|°],Longitude[double|°],Mission Time[unsigned long|tod],Depth[float|Meters],Conductivity[float|mS/cm],Temperature[float|°C],Salinity[float|PSS-78],Sound Speed[float|m/s],Dissolved Oxygen[float|ml/L],Powered[unsigned char|^]
1181,62275,41.5543,-70.7050,62275092,0.27,30.90,5.81,31.29,1469.29,0.00,1
1181,62276,41.5543,-70.7050,62276056,0.25,26.67,5.81,26.60,1463.37,0.00,1
1181,1419009477,41.5543,-70.7050,62277125,0.08,24.75,5.81,24.50,1460.72,0.00,1
1181,1419009478,41.5543,-70.7050,62278088,0.14,22.12,5.80,21.67,1457.15,0.00,1
1181,1419009479,41.5543,-70.7050,62279051,0.20,22.68,5.80,22.27,1457.91,0.00,1
1181,1419009480,41.5543,-70.7050,62280122,0.22,29.84,5.81,30.10,1467.78,0.00,1
1181,1419009481,41.5543,-70.7050,62281084,0.15,30.91,5.81,31.30,1469.29,0.00,1
1181,1419009482,41.5543,-70.7051,62282049,0.03,30.90,5.81,31.30,1469.28,0.00,1
1181,1419009483,41.5543,-70.7051,62283118,0.15,28.04,5.80,28.11,1465.26,0.00,1
1181,1419009484,41.5543,-70.7051,62284081,0.26,30.91,5.80,31.30,1469.28,0.00,1
1181,1419009485,41.5543,-70.7051,62285043,0.27,30.91,5.80,31.30,1469.28,0.00,1
1181,1419009486,41.5543,-70.7051,62286114,0.26,30.91,5.81,31.30,1469.29,0.00,1
1181,1419009487,41.5543,-70.7051,62287077,0.14,30.91,5.81,31.30,1469.29,0.00,1
1181,1419009488,41.5543,-70.7051,62288040,0.11,30.91,5.81,31.29,1469.29,0.00,1
1181,1419009489,41.5543,-70.7051,62289109,0.31,30.91,5.80,31.30,1469.29,0.00,1
1181,1419009490,41.5543,-70.7051,62290073,0.29,30.91,5.80,31.30,1469.29,0.00,1
1181,1419009491,41.5543,-70.7051,62291035,0.24,30.91,5.81,31.30,1469.29,0.00,1
1181,1419009492,41.5543,-70.7051,62292106,0.20,30.91,5.81,31.30,1469.29,0.00,1
1181,1419009493,41.5543,-70.7051,62293069,0.06,30.91,5.81,31.30,1469.29,0.00,1
1181,1419009494,41.5543,-70.7051,62294031,0.12,30.91,5.81,31.30,1469.29,0.00,1
1181,1419009495,41.5543,-70.7051,62295102,0.23,30.91,5.81,31.30,1469.30,0.00,1
1181,1419009496,41.5543,-70.7051,62296065,0.09,30.91,5.81,31.30,1469.29,0.00,1
1181,1419009497,41.5543,-70.7051,62297134,0.06,30.91,5.81,31.29,1469.29,0.00,1
1181,1419009498,41.5543,-70.7051,62298098,0.25,30.91,5.81,31.30,1469.29,0.00,1
Message Id[unsigned short|#],Timestamp[unsigned long|epoch],Latitude[double|°],Longitude[double|°],Mission Time[unsigned long|tod],Depth[float|Meters],Sample Time[double|msecs],Nitrate Concentration[float|uMol/L],Nitrogen in Nitrage[float|mg/L],Spectral Average of Last Dark Frame[unsigned short|#],Spectrometer Temperature[float|°C],Lamp State[bool|^],Lamp Temperature[float|°C],Cumulative Lamp On-Time[unsigned long|secs],Relative Humidity[float|%],Input Voltage[float|V],Lamp Voltage[float|V],Internal Voltage[float|V],Main Current[float|mA]
1174,62275,41.5543,-70.7050,62275199,0.04,0.0000,0.00,0.00,0,6.80,false,12.50,413420,2.30,12.10,0.00,0.00,0.00
1174,1419009502,41.5543,-70.7051,62302912,0.06,2.0614,0.00,0.00,0,6.81,false,12.19,413420,2.20,12.11,0.10,4.98,51.06
1174,1419009506,41.5543,-70.7051,62306015,0.06,2.0620,5.01,0.07,539,6.81,false,12.13,413422,2.74,11.88,11.98,5.01,481.57
1174,1419009507,41.5543,-70.7051,62307192,0.08,2.0621,5.44,0.08,539,6.81,true,12.13,413423,2.64,11.88,11.99,4.99,491.39
1174,1419009508,41.5543,-70.7051,62308369,0.09,2.0621,5.16,0.07,539,6.81,true,12.13,413424,2.72,11.85,12.01,5.00,488.64
1174,1419009509,41.5543,-70.7051,62309653,0.07,2.0622,6.10,0.09,539,6.81,true,12.06,413425,2.76,11.86,11.99,5.00,488.48
1174,1419009510,41.5543,-70.7051,62310830,-0.05,2.0622,6.18,0.09,539,6.81,true,12.00,413427,2.92,11.88,12.00,5.02,486.90
1174,1419009512,41.5543,-70.7051,62312007,0.11,2.0622,5.66,0.08,539,6.81,true,12.00,413428,2.76,11.83,12.02,4.99,487.17
1174,1419009513,41.5543,-70.7051,62313185,-0.07,2.0623,5.47,0.08,539,6.88,true,11.94,413429,2.70,11.88,12.00,5.02,489.35
1174,1419009514,41.5543,-70.7051,62314468,-0.01,2.0623,4.20,0.06,539,6.88,true,11.94,413430,2.89,11.85,11.97,4.98,486.95
1174,1419009515,41.5543,-70.7051,62315752,-0.13,2.0624,5.57,0.08,539,6.88,true,11.81,413432,2.84,11.84,11.97,5.00,487.04
1174,1419009516,41.5543,-70.7052,62316929,0.10,2.0624,5.66,0.08,539,6.94,true,11.81,413433,2.87,11.86,12.01,4.99,487.98
1174,1419009518,41.5543,-70.7052,62318213,0.01,2.0624,5.61,0.08,539,6.94,true,11.75,413434,2.67,11.85,12.02,5.04,475.00
1174,1419009519,41.5543,-70.7052,62319390,-0.02,2.0625,6.00,0.08,539,6.94,true,11.75,413435,2.84,11.86,11.98,4.98,485.41
1174,1419009520,41.5543,-70.7052,62320567,0.05,2.0620,4.51,0.06,539,7.00,true,11.69,413436,2.79,11.86,12.01,5.00,475.59
1174,1419009521,41.5543,-70.7052,62321637,-0.05,2.0621,8.89,0.12,539,7.00,true,11.63,413438,2.77,11.84,11.97,5.01,476.23
1174,1419009522,41.5543,-70.7053,62322982,0.02,2.0621,5.10,0.07,539,7.06,true,11.56,413439,2.81,11.84,12.00,4.98,482.28
1174,1419009524,41.5543,-70.7053,62324159,-0.09,2.0622,5.94,0.08,539,7.06,true,11.56,413440,2.91,11.86,11.98,4.99,477.33
1174,1419009525,41.5543,-70.7053,62325336,0.06,2.0622,5.96,0.08,539,7.06,true,11.50,413441,2.79,11.87,12.00,5.00,484.98
1174,1419009526,41.5543,-70.7053,62326513,0.10,2.0623,6.48,0.09,539,7.06,true,11.50,413442,2.64,11.86,11.97,5.00,475.64
1174,1419009527,41.5543,-70.7053,62327797,0.08,2.0623,5.56,0.08,539,7.13,true,11.50,413444,2.81,11.87,12.01,4.99,484.84
1174,1419009528,41.5543,-70.7054,62328974,0.03,2.0623,5.33,0.07,539,7.19,true,11.44,413445,2.72,11.86,12.01,4.99,485.02
1174,1419009530,41.5543,-70.7054,62330151,0.20,2.0624,5.09,0.07,539,7.19,true,11.44,413446,2.69,11.88,12.00,4.98,483.92
1174,1419009531,41.5543,-70.7054,62331435,0.40,2.0624,5.34,0.07,539,7.19,true,11.38,413447,2.76,11.87,11.98,5.02,481.93
Message Id[unsigned short|#],Timestamp[unsigned long|epoch],Latitude[double|°],Longitude[double|°],Mission Time[unsigned long|tod],Depth[float|Meters],Sensor Voltage[float|V],Temperature[float|°C],Supply Voltage[float|V]
1173,62274,41.5543,-70.7050,62274558,0.05,394.78,6.93,11.68
1173,62274,41.5543,-70.7050,62274665,0.05,475.68,6.93,11.68
1173,62274,41.5543,-70.7050,62274771,0.09,471.54,6.93,11.68
1173,62274,41.5543,-70.7050,62274878,0.09,418.77,6.93,11.68
1173,62274,41.5543,-70.7050,62274985,0.09,442.90,6.93,11.68
1173,62275,41.5543,-70.7050,62275092,0.09,456.36,6.93,11.70
1173,62275,41.5543,-70.7050,62275199,0.04,573.91,6.93,11.70
1173,62275,41.5543,-70.7050,62275413,0.04,976.47,6.93,11.70
1173,62275,41.5543,-70.7050,62275520,-0.04,1056.49,6.93,11.68
1173,62275,41.5543,-70.7050,62275627,-0.04,1010.89,6.93,11.59
1173,62275,41.5543,-70.7050,62275734,-0.07,1047.40,6.93,11.68
1173,62275,41.5543,-70.7050,62275841,-0.07,1053.45,6.93,11.65
1173,62275,41.5543,-70.7050,62275948,-0.07,1061.92,6.93,11.61
1173,62276,41.5543,-70.7050,62276056,-0.07,1051.40,6.93,11.57
1173,1419009476,41.5543,-70.7050,62276162,-0.07,1022.15,6.93,11.70
1173,1419009476,41.5543,-70.7050,62276270,-0.05,1040.27,6.93,11.57
1173,1419009476,41.5543,-70.7050,62276376,-0.05,1059.57,6.93,11.70
1173,1419009476,41.5543,-70.7050,62276483,-0.01,1074.00,6.93,11.70
1173,1419009476,41.5543,-70.7050,62276590,-0.01,1080.78,6.93,11.68
1173,1419009476,41.5543,-70.7050,62276697,-0.01,1076.88,6.93,11.57
1173,1419009476,41.5543,-70.7050,62276804,0.06,1067.75,6.93,11.68
1173,1419009476,41.5543,-70.7050,62276911,0.06,1067.95,6.93,11.70
1173,1419009477,41.5543,-70.7050,62277125,0.10,1035.22,6.93,11.70
1173,1419009477,41.5543,-70.7050,62277232,0.09,585.90,6.93,11.68
Message Id[unsigned short|#],Timestamp[unsigned long|epoch],Latitude[double|°],Longitude[double|°],Mission Time[unsigned long|tod],Depth[float|Meters],Heading[float|°],Pitch[float|°],Roll[float|°],Altitude[float|Meters],Altitude Track Range Beam 1[float|Meters],Altitude Track Range Beam 2[float|Meters],Altitude Track Range Beam 3[float|Meters],Altitude Track Range Beam 4[float|Meters],Forward Velocity[float|m/s],Starboard Velocity[float|m/s],Vertical Velocity[float|m/s],Error Velocity[float|mm/s],Temperature[float|°C],Ensemble[unsigned short|#],Binary Velocity Data 1[short|mm/s],Binary Velocity Data 2[short|mm/s],Binary Velocity Data 3[short|mm/s],Binary Velocity Data 4[short|mm/s],Coordinates Transformation[short|mask],Average Current[float|m/s],Average Direction[float|°]
1141,62275,41.5543,-70.7050,62275948,-0.07,260.68,2.10,-8.71,13.96,14.23,14.26,13.69,14.81,0.13,0.06,0.01,-0.00,5.18,14,131,189,-94,12,16407,0.34,218.97
1141,1419009477,41.5543,-70.7050,62277981,0.04,260.23,-0.69,-14.99,13.88,14.86,13.72,14.01,14.43,0.27,0.01,-0.01,0.00,5.21,15,-186,173,102,52,-16361,0.34,218.97
1141,1419009480,41.5543,-70.7050,62280014,0.04,259.41,-0.50,-2.38,13.96,14.18,14.47,14.33,14.47,0.12,-0.03,0.04,0.00,5.22,16,-65,108,-8,-99,16407,0.34,218.97
1141,1419009481,41.5543,-70.7050,62281940,-0.03,258.74,-3.47,3.30,13.86,14.04,14.18,14.88,13.49,0.29,-0.04,-0.15,-0.00,5.21,17,637,-18,-89,181,-16361,0.34,218.97
1141,1419009483,41.5543,-70.7051,62283974,-0.08,262.65,-2.06,-0.27,14.20,14.05,15.16,14.60,14.34,0.22,0.05,0.01,0.00,5.20,18,7,160,-49,26,16407,0.34,218.97
1141,1419009486,41.5543,-70.7051,62286007,-0.06,266.48,0.93,-15.59,14.45,15.49,13.94,13.78,15.79,0.19,0.01,-0.06,-0.00,5.21,19,135,154,50,266,-16361,0.34,218.97
1141,1419009487,41.5543,-70.7051,62287933,-0.02,264.59,-3.66,-10.34,14.37,14.61,14.59,14.59,14.91,0.17,-0.00,0.05,-0.00,5.21,20,29,295,54,11,16407,0.34,218.97
1141,1419009489,41.5543,-70.7051,62289966,0.08,260.71,-2.91,-3.52,13.68,13.58,14.29,14.01,14.00,0.20,0.02,-0.03,-0.00,5.22,21,493,336,111,46,-16361,0.34,218.97
1141,1419009491,41.5543,-70.7051,62291999,0.06,263.28,1.96,-7.85,13.74,14.27,13.85,13.85,14.13,0.23,-0.05,-0.02,-0.00,5.22,22,-150,138,-17,-7,16407,0.34,218.97
1141,1419009493,41.5543,-70.7051,62293924,0.04,264.07,-1.92,12.01,13.84,13.70,14.69,14.55,13.56,0.13,-0.05,0.02,0.00,5.21,23,-28,-68,193,-73,-16361,0.34,218.97
1141,1419009495,41.5543,-70.7051,62295957,-0.00,264.32,-1.04,2.70,14.07,14.61,14.05,14.75,14.04,0.16,0.00,-0.13,0.00,5.22,24,13,91,-101,-84,16407,0.34,218.97
1141,1419009497,41.5543,-70.7051,62297990,-0.03,267.48,-3.58,-14.28,14.04,14.98,13.84,13.99,14.54,0.21,0.05,0.03,-0.00,5.23,25,-83,35,214,-129,-16361,0.34,218.97
1141,1419009499,41.5543,-70.7051,62299916,-0.02,266.82,-0.60,-18.42,14.32,14.91,14.48,14.47,14.61,0.16,-0.06,-0.08,0.00,5.22,26,19,93,-47,-62,16407,0.34,218.97
1141,1419009501,41.5543,-70.7051,62301949,0.00,267.86,-0.33,-2.21,14.11,13.93,14.81,14.66,14.22,0.17,-0.07,0.09,-0.00,5.24,27,170,90,-84,-329,-16361,0.34,218.97
1141,1419009503,41.5543,-70.7051,62303982,0.00,269.40,-2.27,-4.57,13.68,14.15,13.86,14.00,13.86,0.15,-0.04,-0.07,0.00,5.22,28,-4,131,-8,19,16407,0.34,218.97
1141,1419009506,41.5543,-70.7051,62306015,0.06,268.33,-2.16,2.65,13.62,13.55,14.39,13.97,13.69,0.11,0.02,0.03,0.00,5.24,29,57,85,284,-3,-16361,0.34,218.97
1141,1419009507,41.5543,-70.7051,62307941,0.13,274.32,2.73,-2.53,13.59,14.25,13.56,13.56,14.11,0.30,-0.04,0.06,0.00,5.24,30,-69,193,-38,43,16407,0.34,218.97
1141,1419009509,41.5543,-70.7051,62309974,0.10,276.91,-2.02,4.09,13.85,14.03,14.32,14.74,13.47,0.35,-0.05,-0.05,-0.00,5.23,31,270,614,-230,-138,-16361,0.34,218.97
1141,1419009512,41.5543,-70.7051,62312007,0.11,275.19,0.30,8.05,13.88,13.82,14.52,14.23,14.11,0.62,-0.09,-0.03,0.00,5.23,32,-10,398,-94,-22,16407,0.34,218.97
1141,1419009513,41.5543,-70.7051,62313933,0.03,276.38,1.85,-0.66,14.19,14.18,14.79,14.79,14.18,0.78,-0.11,-0.04,-0.00,5.25,33,169,41,232,59,-16361,0.34,218.97
1141,1419009515,41.5543,-70.7051,62315966,-0.13,280.80,0.72,-11.77,13.89,14.04,14.46,14.74,13.48,1.21,-0.11,0.03,0.00,5.24,34,-173,1103,35,10,16407,0.34,218.97
1141,1419009517,41.5543,-70.7052,62317999,-0.02,280.51,1.85,-1.49,13.95,13.45,15.05,15.05,13.45,1.43,-0.04,-0.02,0.01,5.25,35,474,698,327,211,-16361,0.34,218.97
1141,1419009519,41.5543,-70.7052,62319925,-0.06,282.26,0.65,-4.94,13.77,13.81,14.52,14.80,13.67,1.68,-0.06,0.03,0.00,5.24,36,142,1125,60,129,16407,0.34,218.97
1141,1419009522,41.5543,-70.7052,62322019,-0.11,278.88,-2.54,-5.17,13.99,14.42,14.16,13.88,14.70,1.62,-0.02,-0.10,0.00,5.25,37,25,240,-182,-24,-16361,0.34,218.97
Message Id[unsigned short|#],Timestamp[unsigned long|epoch],Latitude[double|°],Longitude[double|°],Mission Time[unsigned long|tod],Device Id[signed char|#],Device Count[signed char|#],Depth[float|Meters],Version[signed char|#],Parameter Id 0[float|#],Parameter Id 1[float|#],Parameter Id 2[float|#],Parameter Id 3[float|#],Parameter Id 4[float|#],Parameter Id 5[float|#],Parameter Id 6[float|#],Parameter Id 7[float|#],Parameter Id 8[float|#],Parameter Id 9[float|#]
1118,62274,41.5543,-70.7050,62274878,0,1,0.09,0,700.00,74.00,74.00,695.00,171.00,171.00,460.00,108.00,108.00,0.00
1118,62276,41.5543,-70.7050,62276056,0,1,-0.07,0,700.00,69.00,69.00,695.00,163.00,163.00,460.00,107.00,107.00,0.00
1118,1419009477,41.5543,-70.7050,62277125,0,1,0.10,0,700.00,73.00,73.00,695.00,144.00,144.00,460.00,108.00,108.00,0.00
1118,1419009478,41.5543,-70.7050,62278302,0,1,-0.03,0,700.00,75.00,75.00,695.00,160.00,160.00,460.00,106.00,106.00,0.00
1118,1419009479,41.5543,-70.7050,62279372,0,1,0.12,0,700.00,76.00,76.00,695.00,165.00,165.00,460.00,109.00,109.00,0.00
1118,1419009480,41.5543,-70.7050,62280549,0,1,-0.02,0,700.00,71.00,71.00,695.00,162.00,162.00,460.00,109.00,109.00,0.00
1118,1419009481,41.5543,-70.7050,62281619,0,1,-0.03,0,700.00,81.00,81.00,695.00,158.00,158.00,460.00,106.00,106.00,0.00
1118,1419009482,41.5543,-70.7051,62282796,0,1,0.13,0,700.00,85.00,85.00,695.00,166.00,166.00,460.00,111.00,111.00,0.00
1118,1419009483,41.5543,-70.7051,62283867,0,1,-0.08,0,700.00,70.00,70.00,695.00,158.00,158.00,460.00,108.00,108.00,0.00
1118,1419009485,41.5543,-70.7051,62285151,0,1,0.15,0,700.00,69.00,69.00,695.00,168.00,168.00,460.00,106.00,106.00,0.00
1118,1419009487,41.5543,-70.7051,62287291,0,1,0.10,0,700.00,72.00,72.00,695.00,168.00,168.00,460.00,108.00,108.00,0.38
1118,1419009489,41.5543,-70.7051,62289537,0,1,0.04,0,700.00,71.00,71.00,695.00,172.00,172.00,460.00,105.00,105.00,0.00
1118,1419009490,41.5543,-70.7051,62290715,0,1,-0.00,0,700.00,74.00,74.00,695.00,170.00,170.00,460.00,107.00,107.00,0.00
1118,1419009491,41.5543,-70.7051,62291785,0,1,0.13,0,700.00,70.00,70.00,695.00,159.00,159.00,460.00,107.00,107.00,0.00
1118,1419009493,41.5543,-70.7051,62293068,0,1,-0.00,0,700.00,75.00,75.00,695.00,172.00,172.00,460.00,110.00,110.00,0.00
1118,1419009494,41.5543,-70.7051,62294139,0,1,0.04,0,700.00,73.00,73.00,695.00,157.00,157.00,460.00,107.00,107.00,-0.00
1118,1419009495,41.5543,-70.7051,62295209,0,1,-0.04,0,700.00,73.00,73.00,695.00,172.00,172.00,460.00,108.00,108.00,0.00
1118,1419009496,41.5543,-70.7051,62296278,0,1,0.07,0,700.00,73.00,73.00,695.00,167.00,167.00,460.00,108.00,108.00,0.00
1118,1419009497,41.5543,-70.7051,62297455,0,1,0.09,0,700.00,72.00,72.00,695.00,170.00,170.00,460.00,109.00,109.00,0.00
1118,1419009498,41.5543,-70.7051,62298525,0,1,0.01,0,700.00,71.00,71.00,695.00,168.00,168.00,460.00,109.00,109.00,2.61
1118,1419009499,41.5543,-70.7051,62299702,0,1,0.08,0,700.00,73.00,73.00,695.00,174.00,174.00,460.00,109.00,109.00,0.00
1118,1419009500,41.5543,-70.7051,62300772,0,1,-0.02,0,700.00,75.00,75.00,695.00,170.00,170.00,460.00,110.00,110.00,0.00
Message Id[unsigned short|#],Timestamp[unsigned long|epoch],Device Id[signed char|#],Device Count[signed char|#],Parameter Name[signed char(17)|ascii],Parameter Unit[signed char(17)|ascii],Parameter Id[unsigned char|#],ECO Data Offset[unsigned char|#],HTML Plot[unsigned char|^],Type[signed char|^],MX[float|#],B[float|#],Sensor Name[signed char(12)|ascii]
1117,0,0,1,"Ref 660","Counts",0,0,0,0,1.00,0.00,"ECO Triplet"
1117,0,0,1,"Sig 660","Counts",1,1,0,0,1.00,0.00,"ECO Triplet"
1117,0,0,1,"Beta660","ug/liter",2,1,1,1,1.00,0.00,"ECO Triplet"
1117,0,0,1,"Ref CHL","Counts",3,2,0,0,1.00,0.00,"ECO Triplet"
1117,0,0,1,"Sig CHL","Counts",4,3,0,0,1.00,0.00,"ECO Triplet"
1117,0,0,1,"Chlorophyll A","ug/liter",5,3,1,1,1.00,0.00,"ECO Triplet"
1117,0,0,1,"Ref CDOM","Counts",6,4,0,0,1.00,0.00,"ECO Triplet"
1117,0,0,1,"Sig CDOM","Counts",7,5,1,0,1.00,0.00,"ECO Triplet"
1117,0,0,1,"CDOM","ug/liter",8,5,1,1,1.00,0.00,"ECO Triplet"
1117,0,0,1,"Ref 660","Counts",0,0,0,0,1.00,0.00,"ECO Triplet"
1117,0,0,1,"Sig 660","Counts",1,1,0,0,1.00,0.00,"ECO Triplet"
1117,0,0,1,"Beta660","ug/liter",2,1,1,1,1.00,0.00,"ECO Triplet"
1117,0,0,1,"Ref CHL","Counts",3,2,0,0,1.00,0.00,"ECO Triplet"
1117,0,0,1,"Sig CHL","Counts",4,3,0,0,1.00,0.00,"ECO Triplet"
1117,0,0,1,"Chlorophyll A","ug/liter",5,3,1,1,1.00,0.00,"ECO Triplet"
1117,0,0,1,"Ref CDOM","Counts",6,4,0,0,1.00,0.00,"ECO Triplet"
1117,0,0,1,"Sig CDOM","Counts",7,5,1,0,1.00,0.00,"ECO Triplet"
1117,0,0,1,"CDOM","ug/liter",8,5,1,1,1.00,0.00,"ECO Triplet"
Message Id[unsigned short|#],Timestamp[unsigned long|epoch],Latitude[float|°],Longitude[float|°],Mission Time[unsigned long|tod],Depth[float|Meters],Salinity[float|PSS-78],Model[short|#],Serial[short|#],Concentration[float|uM],Saturation[float|%],Temperature[float|°C],Calibrated Phase[float|°],B Phase[float|°],R Phase[float|°],B Amp[float|mV],B Pot[float|mV],R Amp[float|mV],Raw Temperature[float|mV],Calculated Concentration[float|uM],Calculated Saturation[float|%],External Temperature[float|°C]
1109,62274,41.55,-70.71,62274665,0.05,31.29,4330,1519,354.66,90.71,5.78,33.51,33.51,41.95,8.44,790.40,869.00,636.30,0.00,0.00,0.00
1109,1419009476,41.55,-70.71,62276590,-0.01,26.60,4330,1519,354.62,90.70,5.78,33.51,33.51,41.95,8.44,790.40,868.80,636.30,0.00,0.00,0.00
1109,1419009478,41.55,-70.71,62278623,-0.03,21.67,4330,1519,354.62,90.70,5.78,33.51,33.51,41.95,8.44,790.30,868.80,636.40,0.00,0.00,0.00
1109,1419009480,41.55,-70.71,62280656,0.00,30.10,4330,1519,354.61,90.70,5.78,33.51,33.51,41.95,8.44,790.30,868.80,636.30,0.00,0.00,0.00
1109,1419009482,41.55,-70.71,62282582,0.07,31.30,4330,1519,354.69,90.71,5.78,33.51,33.51,41.95,8.44,790.40,868.70,636.40,0.00,0.00,0.00
1109,1419009484,41.55,-70.71,62284615,0.08,31.30,4330,1519,354.68,90.72,5.78,33.51,33.51,41.95,8.44,790.30,868.70,636.30,0.00,0.00,0.00
1109,1419009486,41.55,-70.71,62286649,-0.01,31.30,4330,1519,354.66,90.71,5.78,33.51,33.51,41.95,8.44,790.30,868.80,636.30,0.00,0.00,0.00
1109,1419009488,41.55,-70.71,62288681,-0.03,31.29,4330,1519,354.69,90.72,5.78,33.51,33.51,41.95,8.44,790.30,868.70,636.40,0.00,0.00,0.00
1109,1419009490,41.55,-70.71,62290608,-0.00,31.30,4330,1519,354.66,90.71,5.78,33.51,33.51,41.95,8.44,790.30,868.70,636.40,0.00,0.00,0.00
1109,1419009492,41.55,-70.71,62292640,0.00,31.30,4330,1519,354.65,90.71,5.78,33.51,33.51,41.95,8.44,790.30,868.60,636.40,0.00,0.00,0.00
1109,1419009494,41.55,-70.71,62294673,0.05,31.30,4330,1519,354.69,90.72,5.78,33.51,33.51,41.95,8.44,790.40,868.60,636.40,0.00,0.00,0.00
1109,1419009496,41.55,-70.71,62296599,0.11,31.30,4330,1519,354.70,90.72,5.78,33.51,33.51,41.95,8.44,790.40,868.70,636.30,0.00,0.00,0.00
1109,1419009498,41.55,-70.71,62298633,0.01,31.30,4330,1519,354.70,90.72,5.78,33.51,33.51,41.95,8.44,790.30,868.60,636.40,0.00,0.00,0.00
1109,1419009500,41.55,-70.71,62300665,-0.02,31.29,4330,1519,354.61,90.70,5.78,33.51,33.51,41.95,8.44,790.40,868.60,636.30,0.00,0.00,0.00
1109,1419009502,41.55,-70.71,62302591,0.02,31.30,4330,1519,354.70,90.73,5.78,33.50,33.50,41.95,8.44,790.20,868.60,636.30,0.00,0.00,0.00
1109,1419009504,41.55,-70.71,62304624,-0.00,31.30,4330,1519,354.62,90.71,5.78,33.51,33.51,41.95,8.44,790.30,868.50,636.20,0.00,0.00,0.00
1109,1419009506,41.55,-70.71,62306657,0.10,31.30,4330,1519,354.72,90.74,5.79,33.50,33.50,41.94,8.44,790.20,868.40,636.20,0.00,0.00,0.00
1109,1419009508,41.55,-70.71,62308583,0.08,31.30,4330,1519,354.64,90.72,5.79,33.51,33.51,41.95,8.44,790.20,868.40,636.20,0.00,0.00,0.00
1109,1419009510,41.55,-70.71,62310616,-0.05,31.29,4330,1519,354.67,90.72,5.78,33.51,33.51,41.95,8.44,790.30,868.40,636.30,0.00,0.00,0.00
1109,1419009512,41.55,-70.71,62312649,-0.05,31.30,4330,1519,354.68,90.72,5.78,33.51,33.51,41.95,8.44,790.30,868.30,636.30,0.00,0.00,0.00
1109,1419009514,41.55,-70.71,62314682,-0.01,31.30,4330,1519,354.64,90.71,5.78,33.51,33.51,41.95,8.44,790.30,868.40,636.30,0.00,0.00,0.00
1109,1419009516,41.55,-70.71,62316608,0.05,24.82,4330,1519,354.67,90.72,5.78,33.51,33.51,41.95,8.44,790.40,868.40,636.30,0.00,0.00,0.00
Message Id[unsigned short|#],Timestamp[unsigned long|epoch],Latitude[double|°],Longitude[double|°],Mission Time[unsigned long|tod],Depth[float|Meters],Range Setting[short|Meters],Pitch[float|°],Look Down Angle[float|°],Altitude[float|Meters],Sonar Range[float|Meters],Roll[float|°],Sonar Range Minimum[float|Meters],Estimated Range[float|m/s],Estimated Rate[float|m/s],Obstacle Range-Rate Minimum[float|m/s],Obstacle Range Maximum[float|Meters],Obstacle Range Critical[float|Meters],Obstacle Range-Rate Critical[float|m/s],Pings[unsigned long|#],Status[unsigned char|mask],Median Filter Range[float|Meters]
1102,62274,41.5543,-70.7050,62274665,0.05,30,-5.07,25.00,13.83,26.12,14.82,3.30,27.10,-0.43,-1.70,27.00,5.00,-0.70,810,0,26.28
1102,62275,41.5543,-70.7050,62275092,0.09,30,-4.14,25.00,13.83,25.12,-1.47,3.30,26.02,-1.15,-1.70,27.00,5.00,-0.70,811,0,26.28
1102,62275,41.5543,-70.7050,62275520,-0.04,30,-1.29,25.00,13.83,25.48,-12.92,3.30,25.50,-1.17,-1.70,27.00,5.00,-0.70,812,0,26.12
1102,62275,41.5543,-70.7050,62275948,-0.07,30,2.10,25.00,13.96,0.00,-8.71,3.30,25.50,-1.17,-1.70,27.00,5.00,-0.70,813,0,26.12
1102,1419009476,41.5543,-70.7050,62276376,-0.05,30,2.74,25.00,13.96,22.70,5.67,3.30,25.50,-1.17,-1.70,27.00,5.00,-0.70,814,0,25.82
1102,1419009476,41.5543,-70.7050,62276804,0.06,30,0.95,25.00,13.96,27.44,14.97,3.30,25.50,-1.17,-1.70,27.00,5.00,-0.70,815,0,25.82
1102,1419009477,41.5543,-70.7050,62277232,0.09,30,-0.26,25.00,13.96,28.46,9.52,3.30,25.50,-1.17,-1.70,27.00,5.00,-0.70,816,0,25.82
1102,1419009477,41.5543,-70.7050,62277660,0.06,30,-0.59,25.00,13.96,27.80,-8.30,3.30,25.50,-1.17,-1.70,27.00,5.00,-0.70,817,0,26.12
1102,1419009478,41.5543,-70.7050,62278088,0.00,30,-0.80,25.00,13.88,0.00,-14.85,3.30,25.50,-1.17,-1.70,27.00,5.00,-0.70,818,0,26.12
1102,1419009478,41.5543,-70.7050,62278516,-0.03,30,-1.75,25.00,13.88,22.76,-3.93,3.30,25.50,-1.17,-1.70,27.00,5.00,-0.70,819,0,25.48
1102,1419009478,41.5543,-70.7050,62278944,0.02,30,-2.92,25.00,13.88,27.42,10.43,3.30,24.46,-0.87,-1.70,27.00,5.00,-0.70,820,0,27.42
1102,1419009479,41.5543,-70.7050,62279372,0.12,30,-4.17,25.00,13.88,26.12,12.08,3.30,25.10,-0.07,-1.70,27.00,5.00,-0.70,821,0,27.42
1102,1419009479,41.5543,-70.7050,62279800,0.04,30,-2.65,25.00,13.88,26.00,1.52,3.30,25.54,0.30,-1.70,27.00,5.00,-0.70,822,0,27.42
1102,1419009480,41.5543,-70.7050,62280228,-0.01,30,2.24,25.00,13.96,29.10,-4.36,3.30,25.54,0.30,-1.70,27.00,5.00,-0.70,823,0,27.42
1102,1419009480,41.5543,-70.7050,62280656,0.00,30,6.05,25.00,13.96,0.00,-6.37,3.30,25.54,0.30,-1.70,27.00,5.00,-0.70,824,0,27.42
1102,1419009481,41.5543,-70.7050,62281084,0.01,30,3.53,25.00,13.96,29.96,-9.55,3.30,25.54,0.30,-1.70,27.00,5.00,-0.70,825,0,27.42
1102,1419009481,41.5543,-70.7050,62281512,-0.01,30,-1.53,25.00,13.96,0.00,-8.97,3.30,25.54,0.30,-1.70,27.00,5.00,-0.70,826,0,27.42
1102,1419009481,41.5543,-70.7050,62281940,-0.03,30,-3.47,25.00,13.86,26.98,3.30,3.30,26.58,0.36,-1.70,27.00,5.00,-0.70,827,1,26.98
1102,1419009482,41.5543,-70.7051,62282368,0.07,30,-2.70,25.00,13.86,26.76,14.82,3.30,26.75,0.37,-1.70,27.00,5.00,-0.70,828,1,26.98
1102,1419009482,41.5543,-70.7051,62282796,0.13,30,-2.80,25.00,13.86,26.44,-2.39,3.30,26.67,0.19,-1.70,27.00,5.00,-0.70,829,1,26.76
1102,1419009483,41.5543,-70.7051,62283224,-0.01,30,-3.38,25.00,13.86,27.84,-22.01,3.30,27.30,0.62,-1.70,27.00,5.00,-0.70,830,1,26.98
Message Id[unsigned short|#],Timestamp[unsigned long|epoch],Latitude[double|°],Longitude[double|°],Compass True Heading[float|°],Sound Speed[float|m/s],Reserved[float|n/a],Range Minimum[float|Meters],Range Maximum[float|Meters],Latency[float|msecs],X Angle[float|°],Y Angle[float|°],Range[float|Meters],Gain 1[short|dB],Gain 2[short|dB],Array Sound Speed[short|m/s],Reason[short|mask],X Center[signed char|°],Y Center[signed char|°],Inband SNR[unsigned char|dB],Outband SNR[unsigned char|dB],Transponder Table Index[unsigned char|#],Mission Time[unsigned long|tod]
1098,1419010203,41.5506,-70.7035,354.05,1469.54,0.00,0.00,1008.87,755.00,-8.60,0.00,448.86,128,128,1500,1,-17,0,227,255,0,63003503
1098,1419010214,41.5508,-70.7037,351.20,1469.56,0.00,263.33,679.14,781.00,-4.55,0.00,431.70,128,128,1500,1,-6,0,168,255,0,63014417
1098,1419010237,41.5511,-70.7037,0.02,1469.54,0.00,233.26,640.18,780.00,-14.90,0.00,400.19,128,128,1500,1,-17,0,207,255,0,63037101
1098,1419010245,41.5512,-70.7037,347.14,1469.54,0.00,235.93,610.45,782.00,-2.05,0.00,387.72,128,128,1500,1,-3,0,182,255,0,63045126
1098,1419010253,41.5513,-70.7038,346.20,1469.56,0.00,227.94,592.47,783.00,-0.95,0.00,375.68,128,128,1500,1,-1,0,236,255,0,63053044
1098,1419010260,41.5526,-70.7043,349.96,1469.55,0.00,347.01,379.26,781.00,-3.65,0.00,217.08,128,128,1500,6,-4,0,189,255,0,63060855
1098,1419010269,41.5515,-70.7039,348.17,1469.56,0.00,205.26,561.27,782.00,-2.60,0.00,350.75,128,128,1500,1,-3,0,243,255,0,63069094
1098,1419010277,41.5516,-70.7040,355.19,1469.56,0.00,203.14,536.93,778.00,-8.25,0.00,338.65,128,128,1500,1,-9,0,209,255,0,63077120
1098,1419010297,41.5519,-70.7037,359.96,1469.50,0.00,174.11,501.88,779.00,-19.30,0.00,309.95,128,128,1500,1,-17,0,135,164,0,63097557
1098,1419010304,0.0000,0.0000,0.00,1469.53,0.00,175.99,475.85,0.00,0.00,0.00,0.00,128,128,1500,4,5,0,0,0,0,63104962
1098,1419010330,41.5522,-70.7043,329.47,1469.54,0.00,136.14,447.22,781.00,19.75,0.00,267.40,128,128,1500,1,17,0,90,255,0,63130513
1098,1419010338,41.5523,-70.7044,358.79,1469.52,0.00,147.69,412.42,782.00,-7.75,0.00,256.17,128,128,1500,1,-5,0,118,255,0,63138538
1098,1419010368,41.5527,-70.7038,358.86,1469.58,0.00,108.21,376.55,781.00,-23.15,0.00,224.90,128,128,1500,1,-17,0,176,255,0,63168284
1098,1419010375,0.0000,0.0000,0.00,1469.56,0.00,119.16,348.24,0.00,0.00,0.00,0.00,128,128,1500,4,2,0,0,0,0,63175560
1098,1419010413,41.5530,-70.7045,341.05,1469.52,0.00,63.40,313.27,780.00,9.00,0.00,173.29,128,128,1500,1,5,0,92,255,0,63213330
1098,1419010441,41.5534,-70.7044,359.09,1469.53,0.00,51.49,244.75,780.00,-18.25,0.00,135.43,128,128,1500,1,-17,0,147,255,0,63241151
1098,1419010449,41.5535,-70.7043,328.97,1469.53,0.00,59.09,213.60,781.00,8.55,0.00,124.67,128,128,1500,1,8,0,87,255,0,63249177
1098,1419010469,0.0000,0.0000,0.00,1469.56,0.00,31.68,182.70,0.00,0.00,0.00,0.00,128,128,1500,4,17,0,0,0,0,63269079
1098,1419010477,41.5537,-70.7048,346.14,1469.63,0.00,18.32,172.22,781.00,8.90,0.00,87.94,128,128,1500,1,1,0,123,255,0,63277853
1098,1419010480,41.5538,-70.7048,350.91,1469.67,0.00,37.22,151.09,781.00,4.35,0.00,86.77,128,128,1500,1,6,0,121,255,0,63280421
1098,1419010482,41.5538,-70.7049,358.89,1469.70,0.00,36.51,149.50,782.00,-1.65,0.00,84.54,128,128,1500,1,-1,0,125,255,0,63282989
Message Id[unsigned short|#],Timestamp[unsigned long|epoch],Fin Count[signed char|#],Pitch Position[signed char|%],Rudder Position[signed char|%],Roll Position[signed char|%],Pitch Command[float|°],Rudder Command[float|°],Roll Command[float|°],Command Data 1[float|°],Position Data 1[float|%],Command Data 2[float|°],Position Data 2[float|%],Command Data 3[float|°],Position Data 3[float|%],Command Data 4[float|°],Position Data 4[float|%],Command Data 5[float|°],Position Data 5[float|%],Command Data 6[float|°],Position Data 6[float|%],Yaw Translation Command[float|°],Depth Translation Command[float|°],Yaw Translation Position[signed char|%],Depth Translation Position[signed char|%]
1089,1419009476,3,-62,75,0,-69.60,100.00,0.00,-83.62,-82.00,100.00,100.00,-16.38,-23.00,0.00,0.00,0.00,0.00,0.00,0.00,0.00,0.00,0,0
1089,1419009477,3,-87,30,-2,-100.00,0.00,0.00,0.00,6.00,100.00,99.75,-100.00,-100.00,0.00,0.00,0.00,0.00,0.00,0.00,0.00,0.00,0,0
1089,1419009479,3,-99,0,0,-100.00,0.00,0.00,0.00,0.00,100.00,99.50,-100.00,-99.50,0.00,0.00,0.00,0.00,0.00,0.00,0.00,0.00,0,0
1089,1419009481,3,-98,0,0,-100.00,0.00,0.00,0.00,0.00,100.00,98.25,-100.00,-99.25,0.00,0.00,0.00,0.00,0.00,0.00,0.00,0.00,0,0
1089,1419009483,3,-99,0,0,-100.00,0.00,0.00,0.00,-0.25,100.00,100.00,-100.00,-99.50,0.00,0.00,0.00,0.00,0.00,0.00,0.00,0.00,0,0
1089,1419009484,3,-99,0,0,-100.00,0.00,0.00,0.00,0.25,100.00,99.75,-100.00,-100.00,0.00,0.00,0.00,0.00,0.00,0.00,0.00,0.00,0,0
1089,1419009486,3,-99,-1,0,-100.00,0.00,0.00,0.00,0.00,100.00,98.00,-100.00,-100.00,0.00,0.00,0.00,0.00,0.00,0.00,0.00,0.00,0,0
1089,1419009488,3,-99,1,0,-100.00,0.00,0.00,0.00,-1.25,100.00,97.75,-100.00,-99.00,0.00,0.00,0.00,0.00,0.00,0.00,0.00,0.00,0,0
1089,1419009489,3,-98,0,0,-100.00,0.00,0.00,0.00,0.00,100.00,98.25,-100.00,-99.00,0.00,0.00,0.00,0.00,0.00,0.00,0.00,0.00,0,0
1089,1419009491,3,-99,0,0,-100.00,0.00,0.00,0.00,1.00,100.00,99.00,-100.00,-99.25,0.00,0.00,0.00,0.00,0.00,0.00,0.00,0.00,0,0
1089,1419009493,3,-99,0,0,-100.00,0.00,0.00,0.00,-1.00,100.00,99.00,-100.00,-99.25,0.00,0.00,0.00,0.00,0.00,0.00,0.00,0.00,0,0
1089,1419009494,3,-99,0,0,-100.00,0.00,0.00,0.00,-2.50,100.00,100.00,-100.00,-99.50,0.00,0.00,0.00,0.00,0.00,0.00,0.00,0.00,0,0
1089,1419009496,3,-99,0,0,-100.00,0.00,0.00,0.00,0.00,100.00,99.25,-100.00,-99.25,0.00,0.00,0.00,0.00,0.00,0.00,0.00,0.00,0,0
1089,1419009498,3,-99,0,0,-100.00,0.00,0.00,0.00,3.75,100.00,98.75,-100.00,-100.00,0.00,0.00,0.00,0.00,0.00,0.00,0.00,0.00,0,0
1089,1419009500,3,-99,0,0,-100.00,0.00,0.00,0.00,-0.75,100.00,99.00,-100.00,-99.25,0.00,0.00,0.00,0.00,0.00,0.00,0.00,0.00,0,0
1089,1419009501,3,-100,0,0,-100.00,0.00,0.00,0.00,-3.50,100.00,100.00,-100.00,-100.00,0.00,0.00,0.00,0.00,0.00,0.00,0.00,0.00,0,0
1089,1419009503,3,66,-66,0,100.00,-88.19,0.00,61.20,66.50,-100.00,-100.00,38.80,31.50,0.00,0.00,0.00,0.00,0.00,0.00,0.00,0.00,0,0
1089,1419009505,3,65,-66,0,100.00,-60.37,0.00,46.37,62.25,-100.00,-99.50,53.63,37.00,0.00,0.00,0.00,0.00,0.00,0.00,0.00,0.00,0,0
1089,1419009506,3,83,-32,0,100.00,-67.90,0.00,50.69,36.25,-100.00,-100.00,49.31,63.25,0.00,0.00,0.00,0.00,0.00,0.00,0.00,0.00,0,0
1089,1419009508,3,74,-50,0,100.00,-53.54,0.00,42.24,50.75,-100.00,-100.00,57.76,48.50,0.00,0.00,0.00,0.00,0.00,0.00,0.00,0.00,0,0
1089,1419009510,3,-74,-50,0,-100.00,-57.79,0.00,44.83,47.50,55.17,50.50,-100.00,-100.00,0.00,0.00,0.00,0.00,0.00,0.00,0.00,0.00,0,0
Message Id[unsigned short|#],Timestamp[unsigned long|epoch],Voltage[float|V],Status[unsigned short|mask],Descent Status[signed char|#],Ascent Status[signed char|#],Pickup Status[signed char|#],Descent Continuity[unsigned char|#],Ascent Continuity[unsigned char|#],Pickup Continuity[unsigned char|#],Secondary Status[unsigned long|mask]
1076,1419009477,15.97,0,0,0,0,128,128,128,3846
1076,1419009483,15.98,0,0,0,0,128,128,128,3846
1076,1419009488,15.96,0,0,0,0,128,128,128,3846
1076,1419009493,15.96,0,0,0,0,128,128,128,3846
1076,1419009498,15.95,0,0,0,0,128,128,128,3846
1076,1419009503,15.96,0,0,0,0,128,128,128,3846
1076,1419009508,15.96,0,0,0,0,128,128,128,3846
1076,1419009513,15.97,0,0,0,0,128,128,128,3846
1076,1419009517,15.96,0,0,0,0,128,128,128,3846
1076,1419009522,15.97,0,0,0,0,128,128,128,3846
1076,1419009527,15.97,0,0,0,0,128,128,128,3846
1076,1419009532,15.98,0,0,0,0,128,128,128,1798
1076,1419009537,15.96,0,0,0,0,128,128,128,1798
1076,1419009542,15.96,0,0,0,0,128,128,128,1798
1076,1419009548,15.97,0,0,0,0,128,128,128,1798
1076,1419009553,15.96,0,0,0,0,128,128,128,1798
1076,1419009558,15.96,0,0,0,0,128,128,128,1798
1076,1419009563,15.98,0,0,0,0,128,128,128,1798
1076,1419009568,15.97,0,0,0,0,128,128,128,1798
1076,1419009573,15.96,0,0,0,0,128,128,128,1798
1076,1419009578,15.97,0,0,0,0,128,128,128,1798
1076,1419009582,15.96,0,0,0,0,128,128,128,1798
Message Id[unsigned short|#],Timestamp[unsigned long|epoch],Latitude[double|°],Longitude[double|°],Depth[float|Meters],Raw Value[short|#],Oil Level[float|%],Mission Time[unsigned long|tod],Oil Location[unsigned char|^]
1075,62274,41.5543,-70.7050,0.09,252,50.67,62274878,0
1075,1419009485,41.5543,-70.7051,0.15,252,50.67,62285043,0
1075,1419009495,41.5543,-70.7051,-0.04,250,50.00,62295209,0
1075,1419009505,41.5543,-70.7051,0.01,250,50.00,62305373,0
1075,1419009515,41.5543,-70.7051,-0.06,268,56.00,62315538,0
1075,1419009525,41.5543,-70.7053,0.12,276,58.67,62325657,0
1075,1419009535,41.5543,-70.7055,3.12,280,60.00,62335824,0
1075,1419009545,41.5544,-70.7057,9.98,252,50.67,62345987,0
1075,1419009556,41.5544,-70.7059,9.20,276,58.67,62356152,0
1075,1419009566,41.5544,-70.7061,8.31,281,60.33,62366317,0
1075,1419009576,41.5544,-70.7063,9.15,282,60.67,62376482,0
1075,1419009586,41.5543,-70.7066,8.69,282,60.67,62386647,0
1075,1419009596,41.5543,-70.7068,8.98,283,61.00,62396812,0
1075,1419009606,41.5543,-70.7070,9.03,284,61.33,62406978,0
1075,1419009617,41.5543,-70.7072,8.89,284,61.33,62417142,0
1075,1419009627,41.5543,-70.7074,9.18,284,61.33,62427307,0
1075,1419009637,41.5544,-70.7077,9.03,284,61.33,62437472,0
1075,1419009647,41.5543,-70.7079,9.01,284,61.33,62447637,0
1075,1419009657,41.5543,-70.7081,9.29,285,61.67,62457802,0
1075,1419009667,41.5544,-70.7083,8.99,285,61.67,62467967,0
1075,1419009678,41.5543,-70.7085,9.11,287,62.33,62478132,0
Message Id[unsigned short|#],Flags[signed char|mask],Battery Index[signed char|#],Battery Count[signed char|#],Address[signed char|mask],Voltage[unsigned short|mV],End of Discharge[short|mV],Average Current[short|mA],Temperature 1/10th[unsigned short|°K],Full Charge Capacity[unsigned short|mAh],Remaining Capacity[unsigned short|mAh],Desired Charge Rate[unsigned short|mA],Serial[unsigned short|#],Battery Status[unsigned short|mask],Battery Flags [unsigned short|mask],Cycle Count[unsigned short|#],Timestamp[unsigned long|epoch],Available Power[float|W],Temperature[float|°C],Pressure[short|mbars],PIC Charge Value[unsigned char|#],PIC Balance Enabled[unsigned char|mask],PIC FET State[unsigned char|mask],PIC Faults[unsigned char|mask],PIC Cell Voltage 1[unsigned short|V],PIC Cell Voltage 2[unsigned short|V],PIC Cell Voltage 3[unsigned short|V],PIC Cell Voltage 4[unsigned short|V],PIC Cell Voltage 5[unsigned short|V],PIC Cell Voltage 6[unsigned short|V],PIC Cell Voltage 7[unsigned short|V],Battery Temperature[float|°K]
1071,0,0,20,0,28013,-25000,-86,2793,21541,17479,0,11732,192,14856,10,1419009484,453.11,25.00,0,0,0,3,0,40095,40107,40074,40059,40076,40066,40024,8.45
1071,0,5,20,8,27997,-25000,-86,2783,21896,17241,0,11728,192,14848,11,1419009484,446.01,25.00,0,3,0,3,0,39998,40064,40000,39988,40043,40056,39998,8.15
1071,0,15,20,24,28064,-25000,-86,2773,21435,17585,0,10781,192,14856,9,1419009484,456.21,25.00,0,0,0,3,0,40152,40197,40143,40161,40190,40194,40151,6.85
1071,0,10,20,16,28063,-25000,-86,2775,21596,18014,0,10822,192,14856,9,1419009484,467.90,25.00,0,3,0,3,0,40148,40185,40127,40130,40156,40170,40138,7.25
1071,0,1,20,1,28019,-25000,-86,2789,21957,17677,0,11735,192,14856,11,1419009488,457.99,25.00,0,3,0,3,0,40036,40078,40033,40055,40075,40100,40045,8.45
1071,0,6,20,9,28021,-25000,-86,2785,21669,17596,0,11734,192,14856,11,1419009488,456.16,25.00,0,3,0,3,0,40043,40080,40036,40044,40096,40093,40051,8.25
1071,0,16,20,25,28055,-25000,-86,2772,21639,17743,0,10844,192,14856,9,1419009488,460.29,25.00,0,0,0,3,0,40164,40216,40153,40155,40206,40198,40169,6.75
1071,0,11,20,17,28018,-25000,-86,2775,21483,18050,0,10856,192,14856,9,1419009488,469.09,25.00,0,3,0,3,0,40063,40109,40071,40045,40101,40098,40038,6.65
1071,0,2,20,2,28028,-25000,-86,2793,22125,16544,0,11731,448,14848,12,1419009491,426.52,25.00,0,0,0,3,0,40054,40092,40044,40067,40112,40105,40084,8.65
1071,0,7,20,10,28013,-25000,-86,2793,21425,17181,0,11737,192,14848,11,1419009491,445.02,25.00,0,0,0,3,0,40085,40113,40066,40068,40090,40110,40045,8.35
1071,0,17,20,26,28114,-25000,-86,2772,21284,17509,0,10824,192,14856,9,1419009491,454.33,25.00,0,0,0,3,0,40160,40188,40136,40143,40174,40180,40131,6.85
1071,0,12,20,18,27999,-25000,-86,2774,21986,18210,0,10852,192,14856,9,1419009491,472.75,25.00,0,3,0,3,0,40161,40205,40130,40115,40172,40168,40106,6.85
1071,0,3,20,3,28023,-25000,-86,2794,21375,17351,0,11730,192,14856,10,1419009494,449.80,25.00,0,3,0,3,0,40068,40068,40037,40050,40074,40070,40049,8.55
1071,0,8,20,11,28005,-25000,-86,2792,21672,17559,0,11736,192,14856,11,1419009494,455.13,25.00,0,3,0,3,0,40088,40115,40077,40097,40128,40129,40109,8.25
1071,0,18,20,27,28009,-25000,-86,2772,22180,18565,0,10849,192,14856,9,1419009494,482.34,25.00,0,3,0,3,0,40156,40192,40151,40168,40206,40200,40169,7.45
1071,0,13,20,19,28028,-25000,-86,2776,22459,18713,0,10863,192,14856,9,1419009494,486.02,25.00,0,3,0,3,0,40171,40184,40113,40124,40155,40155,40094,7.05
1071,0,4,20,4,28038,-25000,-86,2799,21850,17544,0,11729,192,14856,11,1419009497,454.46,25.00,0,3,0,3,0,40032,40077,40029,40036,40069,40082,40034,8.55
1071,0,9,20,12,28002,-25000,-86,2797,21300,17149,0,11733,192,14856,10,1419009498,444.31,25.00,0,0,0,3,0,40068,40080,40039,40051,40074,40081,40049,8.85
1071,0,19,20,28,28070,-25000,-86,2774,21899,18478,0,10791,192,14856,9,1419009498,480.36,25.00,0,0,0,3,0,40169,40179,40138,40148,40165,40152,40103,6.75
1071,0,14,20,20,28061,-25000,-86,2776,22163,18615,0,10850,192,14856,9,1419009498,483.76,25.00,0,0,0,3,0,40151,40185,40133,40113,40155,40147,40105,7.05
1071,0,0,20,0,27833,-25000,-608,2793,21541,17459,0,11732,448,14856,10,1419009604,452.55,25.00,0,0,0,3,0,39875,39926,39860,39775,39901,39899,39810,8.65
1071,0,5,20,8,27847,-25000,-608,2784,21896,17219,0,11728,448,14848,11,1419009604,445.40,25.00,0,0,0,3,0,39838,39930,39838,39791,39910,39927,39837,8.35
Message Id[unsigned short|#],Timestamp[unsigned long|epoch],Transponder Table Index 1[signed char|#],Transponder Table Index 2[signed char|#],Inband Channel 1 SNR[unsigned char|dB],Inband Channel 2 SNR[unsigned char|dB],Interrogate Channel 1 SNR[signed char|dB],Interrogate Channel 2 SNR[signed char|dB],Receive Channel 1[signed char|#],Receive Channel 2[signed char|#],Range 1[float|Meters],Range 2[float|Meters],Reply Age 1[unsigned long|msecs],Reply Age 2[unsigned long|msecs],Latitude[double|°],Longitude[double|°],Compass True Heading[float|°],Sound Speed[float|m/s],Fail Flag[unsigned short|mask],Received Bits[signed char|mask],Mission Time[unsigned long|tod],Outband Channel 1 SNR[unsigned char|dB],Outband Channel 2 SNR[unsigned char|dB]
1050,1419009829,0,0,0,0,1,1,2,2,-1.00,-1.00,4294967295,4294967295,0.0000,0.0000,0.00,0.00,32769,0,62629538,0,0
1050,1419009842,0,0,0,0,1,1,2,2,-1.00,-1.00,4294967295,4294967295,0.0000,0.0000,0.00,0.00,32769,0,62642608,0,0
1050,1419009855,0,0,0,0,1,1,2,2,-1.00,-1.00,4294967295,4294967295,0.0000,0.0000,0.00,0.00,32769,0,62655646,0,0
1050,1419009868,0,0,0,0,1,1,2,2,-1.00,-1.00,4294967295,4294967295,0.0000,0.0000,0.00,0.00,32769,0,62668700,0,0
1050,1419009883,0,0,0,0,1,1,2,2,-1.00,-1.00,4294967295,4294967295,0.0000,0.0000,0.00,0.00,32769,0,62683787,0,0
1050,1419009898,0,0,0,0,1,1,2,2,-1.00,-1.00,4294967295,4294967295,0.0000,0.0000,0.00,0.00,32769,0,62698874,0,0
1050,1419009913,0,0,0,0,1,1,2,2,-1.00,-1.00,4294967295,4294967295,0.0000,0.0000,0.00,0.00,32769,0,62713855,0,0
1050,1419009926,0,0,55,0,1,1,2,2,870.36,-1.00,2147483648,4294967295,0.0000,0.0000,119.32,1469.65,0,1,62726052,255,0
1050,1419009939,0,0,0,0,1,1,2,2,-1.00,-1.00,4294967295,4294967295,0.0000,0.0000,119.32,1469.65,32769,0,62739855,0,0
1050,1419009952,0,0,0,0,1,1,2,2,-1.00,-1.00,4294967295,4294967295,0.0000,0.0000,119.32,1469.65,32769,0,62752909,0,0
1050,1419009965,0,0,0,0,1,1,2,2,-1.00,-1.00,4294967295,4294967295,0.0000,0.0000,119.32,1469.65,32769,0,62765964,0,0
1050,1419009979,0,0,0,0,1,1,2,2,-1.00,-1.00,4294967295,4294967295,0.0000,0.0000,119.32,1469.65,32769,0,62779017,0,0
1050,1419009992,0,0,0,0,1,1,2,2,-1.00,-1.00,4294967295,4294967295,0.0000,0.0000,119.32,1469.65,32769,0,62792071,0,0
1050,1419010005,0,0,0,0,1,1,2,2,-1.00,-1.00,4294967295,4294967295,0.0000,0.0000,119.32,1469.65,32769,0,62805125,0,0
1050,1419010017,0,0,55,0,1,1,2,2,769.21,-1.00,2147483648,4294967295,0.0000,0.0000,118.44,1469.58,0,1,62817323,195,0
1050,1419010034,0,0,0,0,1,1,2,2,-1.00,-1.00,4294967295,4294967295,0.0000,0.0000,118.44,1469.58,32769,0,62834657,0,0
1050,1419010047,0,0,0,0,1,1,2,2,-1.00,-1.00,4294967295,4294967295,0.0000,0.0000,118.44,1469.58,32769,0,62847818,0,0
1050,1419010060,0,0,0,0,1,1,2,2,-1.00,-1.00,4294967295,4294967295,0.0000,0.0000,118.44,1469.58,32769,0,62860873,0,0
1050,1419010073,0,0,0,0,1,1,2,2,-1.00,-1.00,4294967295,4294967295,0.0000,0.0000,118.44,1469.58,32769,0,62873943,0,0
1050,1419010086,0,0,0,0,1,1,2,2,-1.00,-1.00,4294967295,4294967295,0.0000,0.0000,118.44,1469.58,32769,0,62886981,0,0
1050,1419010100,0,0,0,0,1,1,2,2,-1.00,-1.00,4294967295,4294967295,0.0000,0.0000,118.44,1469.58,32769,0,62900034,0,0
Message Id[unsigned short|#],Filename[signed char(13)|ascii],Line[short|#],Timestamp[unsigned long|epoch],Message[signed char(200)|ascii]
1001,"/battery.cpp",127,1419008926,"Vehicle is high current charging capable: NO [Maximum allowed current: 40 amps]"
1001,"diagnose.cpp",924,1419008926,"Warning: Verify transponder range test disabled in mission file, line 40"
1001,"objectiv.cpp",1465,1419008926,"Warning: line 112, Minimum altitude (2.0 M) is within 1.5 meters of the emergency climb altitude (1.0 M)"
1001,"/battery.cpp",127,1419009077,"Vehicle is high current charging capable: NO [Maximum allowed current: 40 amps]"
1001,"diagnose.cpp",924,1419009077,"Warning: Verify transponder range test disabled in mission file, line 40"
1001,"objectiv.cpp",1465,1419009077,"Warning: line 112, Minimum altitude (2.0 M) is within 1.5 meters of the emergency climb altitude (1.0 M)"
1001,"CLE/host.cpp",961,1419009474,"Executing mission from VIP Run button"
1001,"/gps_obj.cpp",657,1419009474,"Fix needed: Mission start"
1001,"selftest.cpp",860,1419009483,"Self test failure attitude (tilt),  [00800010] pausing mission"
1001,"selftest.cpp",860,1419009483,"Self test failure attitude (tilt),  [00800010] pausing mission"
1001,"selftest.cpp",860,1419009484,"Self test failure attitude (tilt),  [00800010] pausing mission"
1001,"selftest.cpp",860,1419009484,"Self test failure attitude (tilt),  [00800010] pausing mission"
1001,"selftest.cpp",860,1419009484,"Self test failure attitude (tilt),  [00800010] pausing mission"
1001,"selftest.cpp",1214,1419009509,"Vehicle stuck on surface; attempting to drive it down"
1001,"/mot_tri.cpp",515,1419009515,"Thruster is current limiting (1)"
1001,"/mot_tri.cpp",515,1419009518,"Thruster is current limiting (32)"
1001,"/mot_tri.cpp",515,1419009522,"Thruster is current limiting (47)"
1001,"/mot_tri.cpp",515,1419009524,"Thruster is current limiting (63)"
1001,"/mot_tri.cpp",515,1419009524,"Thruster is current limiting (64)"
1001,"/mot_tri.cpp",515,1419009530,"Thruster is current limiting (94)"
1001,"/mot_tri.cpp",515,1419009530,"Thruster is current limiting (96)"
1001,"/mot_tri.cpp",515,1419009534,"Thruster is current limiting (128)"
Message Id[unsigned short|#],Timestamp[unsigned long|epoch],Software Version[unsigned char|#],Temperature[float|°C],Heading Rate[float|°],Pressure[float|mbars],Depth[float|Meters],Depth Goal[float|Meters],OBS[float|n/a],Voltage[float|V],Current[float|A],GFI[float|%],Pitch[float|°],Pitch Goal[float|°],Roll[float|°],Thruster[short|RPM],Thruster Goal[short|RPM],Compass True Heading[float|°],Heading Goal[float|°],Mission Time[unsigned long|tod],Days Since 1970[unsigned short|#],Latitude[double|°],Longitude[double|°],DR Latitude[double|°],DR Longitude[double|°],Goal Latitude[double|°],Goal Longitude[double|°],Estimated Velocity[float|m/s],Heading Offset[float|°],Flags[short|mask],Thruster Command[signed char|#],Pitch Command[signed char|#],Rudder Command[signed char|#],Pitch Fin Position[signed char|#],Rudder Fin Position[signed char|#],Total Objectives[unsigned char|#],Current Objective[unsigned char|#],CPU Usage[unsigned char|%],Objective Index[unsigned char|%],Leg Number[unsigned short|%],Spare Slider[float|#],Roll Rate[float|°/s],Pitch Rate[float|°/s],Faults[unsigned long|mask],Navigation Mode[unsigned char|state],Secondary Faults[unsigned short|mask]
1000,1419009476,22,19.85,-6.12,686.36,-0.07,0.00,0.00,27.78,1.88,0.00,2.63,15.00,-5.49,100,600,260.04,0.00,62276162,16423,41.5543,-70.7050,41.5539,-70.7048,41.5543,-70.7090,0.15,22.95,11328,10,-69,100,-62,75,7,2,100,14,1,0.00,32.81,5.07,8388608,1,772
1000,1419009477,22,19.91,-1.12,686.43,0.04,0.00,0.00,27.78,2.10,0.00,-0.60,0.00,-11.43,256,0,261.05,0.00,62277874,16423,41.5543,-70.7050,41.5539,-70.7048,41.5543,-70.7090,0.15,22.95,11328,0,-100,0,-87,30,7,2,100,14,1,0.00,-28.67,-0.07,8388608,1,772
1000,1419009479,22,20.02,3.40,686.39,0.09,0.00,0.00,27.79,1.61,0.00,-4.18,0.00,9.82,0,0,262.02,0.00,62279586,16423,41.5543,-70.7050,41.5539,-70.7048,41.5543,-70.7090,0.27,1.63,11328,0,-100,0,-99,0,7,2,100,14,1,0.00,-22.32,0.75,8421376,1,772
1000,1419009481,22,20.00,-2.51,686.41,0.01,0.00,0.00,27.79,1.93,0.00,2.20,0.00,-9.99,0,0,258.31,0.00,62281299,16423,41.5543,-70.7050,41.5539,-70.7048,41.5543,-70.7090,0.13,-15.64,11328,0,-100,0,-98,0,7,2,100,14,1,0.00,-2.74,-12.48,8388608,1,772
1000,1419009483,22,19.98,-3.57,686.41,0.08,0.00,0.00,27.79,1.60,0.00,-3.04,0.00,-9.04,0,0,263.21,0.00,62283010,16423,41.5543,-70.7051,41.5539,-70.7049,41.5543,-70.7090,0.33,-6.89,11328,0,-100,0,-99,0,7,2,100,14,1,0.00,-60.23,-1.32,8388608,1,772
1000,1419009484,22,20.20,6.01,686.43,0.16,0.00,0.00,27.79,1.75,0.00,-3.32,0.00,26.49,0,0,262.60,0.00,62284723,16423,41.5543,-70.7051,41.5539,-70.7049,41.5543,-70.7090,0.23,12.90,11328,0,-100,0,-99,0,7,2,100,14,1,0.00,-7.32,1.44,8388624,1,772
1000,1419009486,22,19.99,-0.77,686.40,-0.05,0.00,0.00,27.79,1.85,0.00,1.73,0.00,-1.46,0,0,262.12,0.00,62286435,16423,41.5543,-70.7051,41.5539,-70.7049,41.5543,-70.7090,0.20,2.36,11328,0,-100,0,-99,-1,7,2,100,14,1,0.00,54.73,0.92,8388608,1,772
1000,1419009488,22,19.90,2.42,686.45,-0.04,0.00,0.00,27.79,1.85,0.00,-3.21,0.00,-10.23,0,0,265.68,0.00,62288147,16423,41.5543,-70.7051,41.5539,-70.7049,41.5543,-70.7090,0.17,-1.36,11328,0,-100,0,-99,1,7,2,100,14,1,0.00,5.02,4.51,8388608,1,772
1000,1419009489,22,19.91,3.08,686.38,0.08,0.00,0.00,27.79,1.66,0.00,-3.58,0.00,-0.05,0,0,263.30,0.00,62289859,16423,41.5543,-70.7051,41.5539,-70.7049,41.5543,-70.7090,0.17,-1.36,11328,0,-100,0,-98,0,7,2,100,14,1,0.00,-16.69,1.38,8388608,1,772
1000,1419009491,22,19.80,-0.23,686.38,0.13,0.00,0.00,27.79,1.87,0.00,2.48,0.00,6.99,0,0,263.38,0.00,62291570,16423,41.5543,-70.7051,41.5539,-70.7049,41.5543,-70.7090,0.21,6.61,11328,0,-100,0,-99,0,7,2,100,14,1,0.00,-30.93,1.54,8388608,1,772
1000,1419009493,22,19.93,-6.41,686.40,-0.01,0.00,0.00,27.78,1.84,0.00,-2.95,0.00,-1.89,0,0,262.82,0.00,62293283,16423,41.5543,-70.7051,41.5539,-70.7049,41.5543,-70.7090,0.23,-11.55,11328,0,-100,0,-99,0,7,2,100,14,1,0.00,18.34,-2.00,8388608,1,772
1000,1419009494,22,19.86,-6.87,686.40,-0.03,0.00,0.00,27.79,1.84,0.00,3.92,0.00,-10.51,0,0,265.24,0.00,62294995,16423,41.5543,-70.7051,41.5539,-70.7049,41.5543,-70.7090,0.14,-19.44,11328,0,-100,0,-99,0,7,2,100,14,1,0.00,-24.65,2.08,8388608,1,772
1000,1419009496,22,19.92,0.81,686.41,0.11,0.00,0.00,27.77,2.07,0.00,-1.02,0.00,17.09,0,0,268.02,0.00,62296706,16423,41.5543,-70.7051,41.5539,-70.7049,41.5543,-70.7090,0.21,0.00,11328,0,-100,0,-99,0,7,2,100,14,1,0.00,-7.34,6.02,8388608,1,768
1000,1419009498,22,19.85,2.04,686.39,-0.03,0.00,0.00,27.75,1.85,0.00,-2.61,0.00,1.87,0,0,265.84,0.00,62298418,16423,41.5543,-70.7051,41.5539,-70.7049,41.5543,-70.7090,0.22,13.15,11328,0,-100,0,-99,0,7,2,100,14,1,0.00,53.15,5.88,8388608,1,768
1000,1419009500,22,19.85,-3.52,686.50,-0.07,0.00,0.00,27.79,1.74,0.00,-1.91,0.00,-18.45,0,0,266.82,0.00,62300130,16423,41.5543,-70.7051,41.5539,-70.7049,41.5543,-70.7090,0.19,-21.44,11328,0,-100,0,-99,0,7,2,100,14,1,0.00,6.74,-11.44,8388608,1,768
1000,1419009501,22,19.93,2.70,686.44,0.05,0.00,0.00,27.79,1.95,0.00,-1.27,0.00,0.54,0,0,266.67,0.00,62301842,16423,41.5543,-70.7051,41.5539,-70.7049,41.5543,-70.7090,0.19,-21.44,11328,0,-100,0,-100,0,7,2,100,14,1,0.00,-21.31,4.32,8388608,1,768
1000,1419009503,22,19.88,1.28,686.42,0.02,9.61,0.00,27.79,2.03,0.00,-1.39,-25.00,-1.61,77,733,268.96,281.72,62303554,16423,41.5543,-70.7051,41.5539,-70.7049,41.5543,-70.7090,0.21,-22.43,11328,8,100,-88,66,-66,7,2,100,14,1,0.00,3.32,-9.29,8388608,1,772
1000,1419009505,22,19.90,4.86,686.46,0.01,9.19,0.00,27.71,2.71,0.00,-3.82,-25.00,-4.86,233,749,268.89,281.93,62305266,16423,41.5543,-70.7051,41.5539,-70.7049,41.5543,-70.7090,0.16,-13.95,11328,18,100,-60,65,-66,7,2,100,14,1,0.00,1.35,-2.53,8388608,1,772
1000,1419009506,22,19.86,-0.96,686.42,0.08,9.17,0.00,27.69,4.23,0.00,0.64,-25.00,4.04,358,765,274.49,281.96,62306978,16423,41.5543,-70.7051,41.5539,-70.7049,41.5543,-70.7090,0.12,10.18,11328,28,100,-67,83,-32,7,2,100,14,1,0.00,2.71,5.94,8388608,1,772
1000,1419009508,22,19.93,-0.75,686.45,0.08,9.21,0.00,27.61,6.41,0.00,2.44,-25.00,-9.21,475,780,276.17,281.97,62308691,16423,41.5543,-70.7051,41.5539,-70.7049,41.5543,-70.7090,0.31,-7.72,11328,38,100,-53,74,-50,7,2,100,14,1,0.00,-4.57,-2.00,8388608,1,772
1000,1419009510,22,19.91,-1.74,686.42,0.03,9.21,0.00,27.62,6.40,0.00,-1.27,0.00,-9.39,565,0,276.86,282.07,62310402,16423,41.5543,-70.7051,41.5539,-70.7049,41.5543,-70.7090,0.36,-7.86,11328,48,-100,-57,-74,-50,7,2,100,14,1,0.00,-38.52,2.54,8519680,1,772